aeris_b.tex	66796	72112	14	0
aeris_c.tex	17644	138932	14	0
aeris_d.tex	17644	156600	14	0
aeris_a.tex	66796	5292	14	0
aeris_x.tex	66796	174268	14	0
barr_b.tex	66796	307908	14	0
barr_c.tex	17644	374728	14	0
barr_d.tex	17644	392396	14	0
barr_a.tex	66796	241088	14	0
barr_x.tex	66796	410064	14	0
cid_b.tex	66796	543704	14	0
cid_c.tex	17644	610524	14	0
cid_d.tex	17644	628192	14	0
cid_a.tex	66796	476884	14	0
cid_x.tex	66796	645860	14	0
cloud_b.tex	66796	779500	14	0
cloud_c.tex	17644	846320	14	0
cloud_x.tex	66796	881656	14	0
cloud_a.tex	66796	712680	14	0
cloud_d.tex	17644	863988	14	0
gdisk1_x.tex	34028	2261096	14	0
gdisk2_a.tex	66796	2295148	14	0
gdisk1_b.tex	66796	2194276	14	0
gdisk2_b.tex	66796	2361968	14	0
gdisk3_a.tex	66796	2462840	14	0
gdisk1_a.tex	66796	2127456	14	0
gdisk3_b.tex	66796	2529660	14	0
gdisk2_x.tex	34028	2428788	14	0
gdisk3_x.tex	34028	2596480	14	0
g_over_c.tex	17644	2764172	14	0
g_over_la.tex	66796	2933148	14	0
g_over_f.tex	17644	2915480	14	0
g_over_e.tex	66796	2848660	14	0
g_over_d.tex	66796	2781840	14	0
g_over_lb.tex	9452	2999968	14	0
g_over_a.tex	66796	2630532	14	0
g_over_b.tex	66796	2697352	14	0
kets_c.tex	17644	1082116	14	0
kets_b.tex	66796	1015296	14	0
kets_x.tex	66796	1117452	14	0
kets_a.tex	66796	948476	14	0
kets_d.tex	17644	1099784	14	0
red_d.tex	17644	1335580	14	0
red_c.tex	17644	1317912	14	0
red_b.tex	66796	1251092	14	0
red_x.tex	66796	1353248	14	0
red_a.tex	66796	1184272	14	0
tifa_d.tex	17644	1571376	14	0
tifa_c.tex	17644	1553708	14	0
tifa_a.tex	66796	1420068	14	0
tifa_x.tex	66796	1589044	14	0
tifa_b.tex	66796	1486888	14	0
vinc_a.tex	66796	1655864	14	0
vinc_b.tex	66796	1722684	14	0
vinc_c.tex	17644	1789504	14	0
vinc_d.tex	17644	1807172	14	0
vinc_x.tex	66796	1824840	14	0
yuff_a.tex	66796	1891660	14	0
yuff_b.tex	66796	1958480	14	0
yuff_c.tex	17644	2025300	14	0
yuff_d.tex	17644	2042968	14	0
yuff_x.tex	66796	2060636	14	0
gdisk1_a.tex	66796	2127456	N/A	N/A
gdisk1_b.tex	66796	2194276	N/A	N/A
gdisk1_x.tex	34028	2261096	N/A	N/A
gdisk2_a.tex	66796	2295148	N/A	N/A
gdisk2_b.tex	66796	2361968	N/A	N/A
gdisk2_x.tex	34028	2428788	N/A	N/A
gdisk3_a.tex	66796	2462840	N/A	N/A
gdisk3_b.tex	66796	2529660	N/A	N/A
gdisk3_x.tex	34028	2596480	N/A	N/A
g_over_a.tex	66796	2630532	N/A	N/A
g_over_b.tex	66796	2697352	N/A	N/A
g_over_c.tex	17644	2764172	N/A	N/A
g_over_d.tex	66796	2781840	N/A	N/A
g_over_e.tex	66796	2848660	N/A	N/A
g_over_f.tex	17644	2915480	N/A	N/A
g_over_la.tex	66796	2933148	N/A	N/A
g_over_lb.tex	9452	2999968	N/A	N/A
