aae.a	756	1882876	14	0
aad.tex	812	1881936	14	0
aab.rsd	75	1877217	14	0
aac.p	4596	1877316	14	0
aaa.hrc	80	1882772	14	0
abe.p	10548	1886366	14	0
abd.rsd	59	1886283	14	0
aba.hrc	762	1909630	14	0
abb.rsd	59	1883656	14	0
abc.p	2520	1883739	14	0
aca.rsd	59	1896938	14	0
acb.p	740	1897021	14	0
acc.rsd	59	1897785	14	0
acd.p	792	1897868	14	0
ace.rsd	59	1898684	14	0
ada.p	792	1898767	14	0
adb.rsd	59	1899583	14	0
adc.p	792	1899666	14	0
add.rsd	59	1900482	14	0
ade.p	792	1900565	14	0
aed.p	740	1904423	14	0
aee.rsd	59	1905187	14	0
aea.rsd	59	1901381	14	0
aeb.p	2852	1901464	14	0
aec.rsd	59	1904340	14	0
afb.rsd	59	1906034	14	0
afa.p	740	1905270	14	0
afc.p	792	1906117	14	0
afd.rsd	59	1906933	14	0
afe.p	792	1907016	14	0
aga.rsd	59	1907832	14	0
agc.rsd	59	1908731	14	0
agd.p	792	1908814	14	0
agb.p	792	1907915	14	0
age.a	1008	1910416	14	0
ahb.a	1980	1921228	14	0
ahd.a	1980	1924264	14	0
ahc.a	1008	1923232	14	0
aha.a	9756	1911448	14	0
ahe.a	6516	1926268	14	0
aie.a	756	1939750	14	0
aia.hrc	79	1939647	14	0
aid.tex	1324	1938299	14	0
aic.p	5368	1932907	14	0
aib.rsd	75	1932808	14	0
aja.hrc	1009	1968154	14	0
ajb.rsd	124	1940530	14	0
ajd.rsd	124	1942282	14	0
aje.p	1404	1942430	14	0
ajc.p	1580	1940678	14	0
ake.rsd	124	1949450	14	0
aka.rsd	124	1943858	14	0
akb.p	1228	1944006	14	0
akc.rsd	124	1945258	14	0
akd.p	4020	1945406	14	0
ale.p	1448	1952178	14	0
ald.rsd	124	1952030	14	0
alc.p	1404	1950602	14	0
alb.rsd	124	1950454	14	0
ala.p	832	1949598	14	0
amc.rsd	124	1954698	14	0
ame.rsd	124	1955542	14	0
amd.p	672	1954846	14	0
amb.p	876	1953798	14	0
ama.rsd	124	1953650	14	0
ane.p	644	1957554	14	0
and.rsd	124	1957406	14	0
anc.p	820	1956562	14	0
anb.rsd	124	1956414	14	0
ana.p	700	1955690	14	0
aoa.rsd	124	1958222	14	0
aob.p	760	1958370	14	0
aoc.rsd	124	1959154	14	0
aod.p	644	1959302	14	0
aoe.rsd	124	1959970	14	0
apa.p	760	1960118	14	0
apb.rsd	124	1960902	14	0
apc.p	876	1961050	14	0
apd.rsd	124	1961950	14	0
ape.p	672	1962098	14	0
aqe.rsd	124	1964658	14	0
aqd.p	820	1963814	14	0
aqc.rsd	124	1963666	14	0
aqb.p	700	1962942	14	0
aqa.rsd	124	1962794	14	0
ara.p	644	1964806	14	0
ard.rsd	124	1966406	14	0
arc.p	760	1965622	14	0
arb.rsd	124	1965474	14	0
are.p	644	1966554	14	0
asa.rsd	124	1967222	14	0
asb.p	760	1967370	14	0
asc.a	7236	1969187	14	0
asd.a	8676	1976447	14	0
ase.a	5436	1985147	14	0
atn.tbl	1024	3024877	14	0
ata.hrc	764	2040664	14	0
atb.rsd	59	1990607	14	0
atc.p	1740	1990690	14	0
atd.rsd	59	1992454	14	0
ate.p	6936	1992537	14	0
aub.p	14612	1999628	14	0
aue.tex	1324	2016960	14	0
aua.rsd	107	1999497	14	0
auc.tex	1324	2014264	14	0
aud.tex	1324	2015612	14	0
avc.rsd	59	2020527	14	0
avd.p	2148	2020610	14	0
ave.rsd	59	2022782	14	0
ava.rsd	59	2018308	14	0
avb.p	2112	2018391	14	0
awa.p	1216	2022865	14	0
awd.rsd	59	2026324	14	0
awe.p	2148	2026407	14	0
awc.p	2112	2024188	14	0
awb.rsd	59	2024105	14	0
axc.rsd	59	2029902	14	0
axd.p	1176	2029985	14	0
axe.rsd	59	2031185	14	0
axa.rsd	59	2028579	14	0
axb.p	1216	2028662	14	0
aya.p	2212	2031268	14	0
ayb.rsd	59	2033504	14	0
ayc.p	1672	2033587	14	0
ayd.rsd	59	2035283	14	0
aye.p	1176	2035366	14	0
aza.rsd	59	2036566	14	0
azb.p	2212	2036649	14	0
azc.rsd	59	2038885	14	0
azd.p	1672	2038968	14	0
aze.a	312	2041452	14	0
baa.a	4176	2041788	14	0
bab.a	5556	2045988	14	0
bac.a	6660	2051568	14	0
bad.a	5280	2058252	14	0
bae.a	5280	2063556	14	0
bba.a	8316	2068860	14	0
bbb.a	16596	2077200	14	0
bbc.a	5556	2093820	14	0
bbd.a	2244	2099400	14	0
bbe.hrc	771	2138174	14	0
bcb.p	1404	2101751	14	0
bcc.rsd	59	2103179	14	0
bcd.p	3568	2103262	14	0
bce.rsd	172	2106854	14	0
bca.rsd	59	2101668	14	0
bdb.tex	1324	2116662	14	0
bdc.tex	1324	2118010	14	0
bdd.tex	1324	2119358	14	0
bde.rsd	59	2120706	14	0
bda.p	9588	2107050	14	0
bea.p	1700	2120789	14	0
beb.rsd	59	2122513	14	0
bec.p	1660	2122596	14	0
bed.rsd	59	2124280	14	0
bee.p	876	2124363	14	0
bfe.rsd	59	2128637	14	0
bfb.p	1580	2125346	14	0
bfc.rsd	59	2126950	14	0
bfd.p	1580	2127033	14	0
bfa.rsd	59	2125263	14	0
bge.p	1852	2130862	14	0
bgd.rsd	59	2130779	14	0
bgc.p	1052	2129703	14	0
bgb.rsd	59	2129620	14	0
bga.p	876	2128720	14	0
bhe.rsd	59	2135056	14	0
bhd.p	1052	2133980	14	0
bhc.rsd	59	2133897	14	0
bhb.p	1052	2132821	14	0
bha.rsd	59	2132738	14	0
bid.a	312	2138969	14	0
bic.p	1052	2137098	14	0
bie.a	4176	2139305	14	0
bib.rsd	59	2137015	14	0
bia.p	1852	2135139	14	0
bje.a	8316	2164169	14	0
bjd.a	4176	2159969	14	0
bjc.a	4176	2155769	14	0
bjb.a	6660	2149085	14	0
bja.a	5556	2143505	14	0
bka.a	8316	2172509	14	0
bke.rsd	91	2186765	14	0
bkd.hrc	80	2198680	14	0
bkb.a	4176	2180849	14	0
bkc.a	1692	2185049	14	0
bla.p	6008	2186880	14	0
blb.tex	4396	2192912	14	0
blc.tex	1324	2197332	14	0
ble.hrc	80	2214010	14	0
bld.a	756	2198784	14	0
bmb.p	12572	2199647	14	0
bma.rsd	59	2199564	14	0
bme.a	60	2214114	14	0
bmd.p	1660	2212326	14	0
bmc.rsd	59	2212243	14	0
bnd.rsd	142	2215656	14	0
bna.hrc	865	2246001	14	0
bne.p	1588	2215822	14	0
bnb.rsd	142	2214198	14	0
bnc.p	1268	2214364	14	0
bone.tex	1324	304385	14	0
bone2.tex	1324	305733	14	0
bornwd.tex	4396	307081	14	0
boa.rsd	142	2217434	14	0
bob.p	5956	2217600	14	0
boc.rsd	142	2223580	14	0
bod.p	1120	2223746	14	0
boe.rsd	142	2224890	14	0
bpc.p	2404	2226587	14	0
bpa.p	1424	2225056	14	0
bpd.rsd	142	2229015	14	0
bpe.p	1120	2229181	14	0
bpb.rsd	59	2226504	14	0
bqa.rsd	142	2230325	14	0
bqb.p	1424	2230491	14	0
bqc.rsd	59	2231939	14	0
bqd.p	2404	2232022	14	0
bqe.rsd	59	2234450	14	0
bre.p	2644	2236631	14	0
brd.rsd	59	2236548	14	0
brc.p	1376	2235148	14	0
bridge.tex	2348	311501	14	0
bridge2.tex	1324	313873	14	0
brb.rsd	59	2235065	14	0
bra.p	508	2234533	14	0
bsb.p	1044	2239465	14	0
bsa.rsd	142	2239299	14	0
bse.rsd	59	2242016	14	0
bsd.p	1376	2240616	14	0
bsc.rsd	59	2240533	14	0
btb.rsd	142	2244767	14	0
bte.a	18756	2251630	14	0
btd.a	4716	2246890	14	0
btc.p	1044	2244933	14	0
bta.p	2644	2242099	14	0
buc.a	9396	2279890	14	0
bua.a	4716	2270410	14	0
bub.a	4716	2275150	14	0
bud.hrc	970	2320027	14	0
bue.rsd	59	2289310	14	0
bve.p	1868	2291723	14	0
bva.p	760	2289393	14	0
bvb.rsd	59	2290177	14	0
bvc.p	1356	2290260	14	0
bvd.rsd	59	2291640	14	0
bwc.rsd	59	2295774	14	0
bwa.rsd	59	2293615	14	0
bwb.p	2052	2293698	14	0
bwd.p	1228	2295857	14	0
bwe.rsd	59	2297109	14	0
bxe.p	1944	2299286	14	0
bxa.p	1116	2297192	14	0
bxd.rsd	59	2299203	14	0
bxc.p	764	2298415	14	0
bxb.rsd	59	2298332	14	0
byb.p	672	2301337	14	0
byc.rsd	59	2302033	14	0
byd.p	672	2302116	14	0
bye.rsd	59	2302812	14	0
bya.rsd	59	2301254	14	0
bzdun.tex	4396	299965	14	0
bze.p	1532	2304453	14	0
bzd.rsd	59	2304370	14	0
bzb.rsd	59	2303591	14	0
bzc.p	672	2303674	14	0
bza.p	672	2302895	14	0
caa.rsd	59	2306009	14	0
cad.p	1944	2307819	14	0
cave.tex	1324	315221	14	0
cave2.tex	1324	316569	14	0
cave_s.tex	1324	317917	14	0
cae.rsd	59	2309787	14	0
cac.rsd	59	2307736	14	0
cab.p	1620	2306092	14	0
cbd.rsd	59	2311345	14	0
cba.p	672	2309870	14	0
cbb.rsd	59	2310566	14	0
cbc.p	672	2310649	14	0
cbe.p	672	2311428	14	0
cca.rsd	59	2312124	14	0
ccb.p	672	2312207	14	0
ccc.rsd	59	2312903	14	0
cce.rsd	59	2314414	14	0
ccd.p	1404	2312986	14	0
cde.p	1944	2318059	14	0
cdd.rsd	59	2317976	14	0
cdc.p	1404	2316548	14	0
cdb.rsd	59	2316465	14	0
cdl_cl2.tex	2348	319265	14	0
cda.p	1944	2314497	14	0
cee.p	10160	2365880	14	0
ced.rsd	75	2365781	14	0
ceb.a	22356	2343401	14	0
cea.a	22356	2321021	14	0
cec.hrc	81	2378436	14	0
cfd.rsd	91	2379321	14	0
cfa.tex	2348	2376064	14	0
cfc.hrc	80	2395116	14	0
cf01.tex	2348	321637	14	0
cfb.a	756	2378541	14	0
cfe.p	9888	2379436	14	0
cga.tex	1324	2389348	14	0
cgd.hrc	251	2417035	14	0
cgc.a	756	2395220	14	0
cgb.tex	4396	2390696	14	0
cge.rsd	142	2396000	14	0
che.p	1036	2414832	14	0
cha.p	9696	2396166	14	0
chb.rsd	59	2405886	14	0
chc.p	8756	2405969	14	0
chd.rsd	59	2414749	14	0
cid.hrc	633	2452726	14	0
cia.rsd	59	2415892	14	0
cib.p	1036	2415975	14	0
cic.a	1476	2417310	14	0
cie.rsd	142	2418810	14	0
cje.p	2004	2428408	14	0
cja.p	8328	2418976	14	0
cjb.rsd	142	2427328	14	0
cjc.p	724	2427494	14	0
cjd.rsd	142	2428242	14	0
cke.rsd	142	2433676	14	0
ckd.p	724	2432928	14	0
ckc.rsd	142	2432762	14	0
ckb.p	2136	2430602	14	0
cka.rsd	142	2430436	14	0
clc.p	3092	2446328	14	0
cld.rsd	142	2449444	14	0
cle.p	3092	2449610	14	0
clf_was.tex	2348	380289	14	0
clf_w03.tex	4396	375869	14	0
clf_sw.tex	1324	370101	14	0
clf_ssw.tex	1324	368753	14	0
cltr.tex	16684	1381161	14	0
clf_ssd.tex	1324	367405	14	0
clf_w02.tex	4396	371449	14	0
clftop2.tex	1324	387729	14	0
clftop.tex	2348	385357	14	0
clfegd.tex	1324	384009	14	0
clf_bgs.tex	2348	324009	14	0
clf_ggl.tex	4396	326381	14	0
clf_ggs.tex	2348	330801	14	0
clf_l.tex	4396	333173	14	0
clf_ld.tex	4396	337593	14	0
clf_lf.tex	4396	342013	14	0
clf_lg.tex	2348	346433	14	0
clf_lr.tex	2348	348805	14	0
clf_lsg.tex	2348	351177	14	0
clf_r.tex	1324	353549	14	0
clf_s.tex	2348	354897	14	0
clf_sd.tex	2348	357269	14	0
clf_sf.tex	2348	359641	14	0
clf_sg.tex	1324	362013	14	0
clf_sg2.tex	1324	363361	14	0
clf_sr.tex	1324	364709	14	0
clf_ss.tex	1324	366057	14	0
clfeg.tex	1324	382661	14	0
cla.p	12296	2433842	14	0
clb.rsd	142	2446162	14	0
cma.a	6876	2453383	14	0
cmc.rsd	75	2460283	14	0
cmd.p	7744	2460382	14	0
cmb.hrc	81	2470522	14	0
cme.tex	2348	2468150	14	0
cne.tex	2348	2474694	14	0
cnd.p	3148	2471522	14	0
cnc.rsd	91	2471407	14	0
cndl_cl.tex	2348	389077	14	0
cndlf.tex	4396	391449	14	0
cndlf02.tex	4396	395869	14	0
cnb.hrc	78	2478414	14	0
cna.a	756	2470627	14	0
comtr.tex	812	400289	14	0
cosinn2.tex	1324	402473	14	0
coa.tex	1324	2477066	14	0
coe.p	2644	2479395	14	0
cob.a	756	2478516	14	0
coc.hrc	79	2484435	14	0
cod.rsd	75	2479296	14	0
cosinn.tex	1324	401125	14	0
cpe.p	3988	2485473	14	0
cpd.rsd	131	2485318	14	0
cpb.a	756	2484538	14	0
cpa.tex	2348	2482063	14	0
cpc.hrc	82	2491857	14	0
cqa.tex	2348	2489485	14	0
cqc.hrc	1028	2533648	14	0
cqd.rsd	59	2492743	14	0
cqe.p	4136	2492826	14	0
cqb.a	756	2491963	14	0
cra.rsd	59	2496986	14	0
crb.p	1196	2497069	14	0
crc.rsd	59	2498289	14	0
cre.rsd	59	2499172	14	0
crd.p	776	2498372	14	0
cstds02.tex	4396	407865	14	0
csmk.tex	1324	403821	14	0
csa.p	1148	2499255	14	0
csb.rsd	59	2500427	14	0
csc.p	840	2500510	14	0
cse.p	840	2501457	14	0
cstds01.tex	1324	406517	14	0
csmk2.tex	1324	405169	14	0
csd.rsd	59	2501374	14	0
cte.rsd	59	2504215	14	0
cta.rsd	59	2502321	14	0
ctb.p	840	2502404	14	0
ctc.rsd	59	2503268	14	0
ctd.p	840	2503351	14	0
cue.p	548	2505808	14	0
cua.p	748	2504298	14	0
cub.rsd	59	2505070	14	0
cuc.p	548	2505153	14	0
cud.rsd	59	2505725	14	0
cva.rsd	59	2506380	14	0
cvb.p	548	2506463	14	0
cvc.rsd	59	2507035	14	0
cvd.p	872	2507118	14	0
cve.rsd	59	2508014	14	0
cwa.p	872	2508097	14	0
cwb.rsd	59	2508993	14	0
cwc.p	872	2509076	14	0
cwd.rsd	59	2509972	14	0
cwe.p	872	2510055	14	0
cxa.rsd	59	2510951	14	0
cxb.p	1732	2511034	14	0
cxd.p	548	2512873	14	0
cxe.rsd	59	2513445	14	0
cxc.rsd	59	2512790	14	0
cyd.rsd	59	2515631	14	0
cye.p	1148	2515714	14	0
cya.p	1196	2513528	14	0
cyb.rsd	59	2514748	14	0
cyc.p	776	2514831	14	0
czd.p	840	2517916	14	0
cze.rsd	59	2518780	14	0
czb.p	840	2516969	14	0
cza.rsd	59	2516886	14	0
czc.rsd	59	2517833	14	0
daa.p	840	2518863	14	0
dab.rsd	59	2519727	14	0
dac.p	840	2519810	14	0
dad.rsd	59	2520674	14	0
dae.p	748	2520757	14	0
dbd.p	548	2522267	14	0
dbe.rsd	59	2522839	14	0
dba.rsd	59	2521529	14	0
dbb.p	548	2521612	14	0
dbc.rsd	59	2522184	14	0
dcd.rsd	59	2527941	14	0
dce.p	5600	2528024	14	0
dcc.p	4340	2523577	14	0
dcb.rsd	59	2523494	14	0
dca.p	548	2522922	14	0
dda.a	22356	2534700	14	0
ddb.a	22356	2557080	14	0
ddc.a	22356	2579460	14	0
dde.rsd	142	2601840	14	0
ddd.hrc	287	2629200	14	0
des03.tex	1324	1367681	14	0
dea.p	11644	2602006	14	0
deb.rsd	142	2613674	14	0
dec.p	864	2613840	14	0
ded.rsd	142	2614728	14	0
des02.tex	1324	1366333	14	0
dee.p	12372	2614894	14	0
des01.tex	1324	1364985	14	0
des04.tex	1324	1369029	14	0
desor.tex	2348	416705	14	0
desert.tex	4396	412285	14	0
dfa.rsd	59	2627290	14	0
dfd.p	848	2628328	14	0
dfx.tex	67436	183385	14	0
dfc.rsd	59	2628245	14	0
dfb.p	848	2627373	14	0
dfe.a	684	2629511	14	0
dga.hrc	287	2658917	14	0
dgc.p	12428	2630385	14	0
dgb.rsd	142	2630219	14	0
dgd.rsd	142	2642837	14	0
dge.p	992	2643003	14	0
dha.rsd	142	2644019	14	0
dhb.p	12328	2644185	14	0
dhc.rsd	142	2656537	14	0
dhd.p	1000	2656703	14	0
dhe.rsd	142	2657727	14	0
did.rsd	75	2659936	14	0
die.p	6844	2660035	14	0
dic.hrc	80	2671323	14	0
dia.p	1000	2657893	14	0
dib.a	684	2659228	14	0
djb.a	756	2671427	14	0
djd.rsd	75	2672207	14	0
dje.p	1108	2672306	14	0
djc.hrc	78	2674274	14	0
dja.tex	4396	2666903	14	0
dka.tex	812	2673438	14	0
dkb.a	756	2674376	14	0
dkd.rsd	59	2675156	14	0
dke.p	1244	2675239	14	0
dkc.hrc	72	2676507	14	0
dla.a	396	2676603	14	0
dlc.rsd	59	2677023	14	0
dld.p	2720	2677106	14	0
dle.rsd	59	2679850	14	0
dlb.hrc	870	2720587	14	0
dmc.p	10296	2684321	14	0
dmd.tex	1324	2694641	14	0
dme.tex	1324	2695989	14	0
dmb.rsd	172	2684125	14	0
dma.p	4168	2679933	14	0
dnc.p	2168	2698768	14	0
dnd.rsd	59	2700960	14	0
dne.p	1872	2701043	14	0
dna.tex	1324	2697337	14	0
dnb.rsd	59	2698685	14	0
doa.rsd	59	2702939	14	0
dob.p	676	2703022	14	0
dod.p	1872	2703805	14	0
doe.rsd	59	2705701	14	0
doc.rsd	59	2703722	14	0
dpa.p	976	2705784	14	0
dpb.rsd	59	2706784	14	0
dpc.p	1872	2706867	14	0
dpd.rsd	59	2708763	14	0
dpe.p	1872	2708846	14	0
dqc.rsd	59	2711825	14	0
dqd.p	916	2711908	14	0
dqe.rsd	59	2712848	14	0
dqb.p	976	2710825	14	0
dqa.rsd	59	2710742	14	0
dre.p	916	2716289	14	0
drd.rsd	59	2716206	14	0
drb.rsd	59	2714923	14	0
drc.p	1176	2715006	14	0
dra.p	1968	2712931	14	0
ds1.tex	1324	1311065	14	0
ds_s4.tex	1324	1336677	14	0
ds_s3.tex	1324	1335329	14	0
ds_s2.tex	1324	1333981	14	0
ds_s1.tex	1324	1332633	14	0
ds2.tex	1324	1312413	14	0
dsb.p	1968	2717312	14	0
dsa.rsd	59	2717229	14	0
dsc.rsd	59	2719304	14	0
dsd.p	1176	2719387	14	0
dse.a	348	2721481	14	0
dsrt_d.tex	1324	419077	14	0
dsrt_e.tex	8492	420425	14	0
dsee4.tex	1324	1358245	14	0
dsee3.tex	1324	1356897	14	0
dsee2.tex	1324	1355549	14	0
dsee1.tex	1324	1354201	14	0
ds4.tex	1324	1315109	14	0
ds3.tex	1324	1313761	14	0
dtb.a	6276	2726593	14	0
dte.a	4404	2744869	14	0
dta.a	4716	2721853	14	0
dtd.a	4404	2740441	14	0
dtc.a	7524	2732893	14	0
due.a	6276	2776993	14	0
dud.a	9396	2767573	14	0
duc.a	6276	2761273	14	0
dub.a	2532	2758717	14	0
dua.a	9396	2749297	14	0
dve.p	7036	2789999	14	0
dvd.rsd	59	2789916	14	0
dvc.p	6516	2783376	14	0
dvb.rsd	59	2783293	14	0
dva.hrc	295	2807414	14	0
dwb.p	5132	2797142	14	0
dwa.rsd	59	2797059	14	0
dwc.rsd	59	2802298	14	0
dwe.rsd	59	2803633	14	0
dwd.p	1228	2802381	14	0
dxb.rsd	59	2804856	14	0
dxc.p	1228	2804939	14	0
dxd.rsd	59	2806191	14	0
dxa.p	1116	2803716	14	0
dxe.p	1116	2806274	14	0
dyb.hrc	1088	2849671	14	0
dya.a	1656	2807733	14	0
dyc.rsd	142	2809413	14	0
dyd.p	1620	2809579	14	0
dye.rsd	142	2811223	14	0
dza.p	1308	2811389	14	0
dzb.rsd	142	2812721	14	0
dzc.p	1060	2812887	14	0
dzd.rsd	142	2813971	14	0
dze.p	764	2814137	14	0
ead.p	1060	2816585	14	0
eac.rsd	142	2816419	14	0
eab.p	1304	2815091	14	0
eaa.rsd	142	2814925	14	0
eae.rsd	142	2817669	14	0
ebd.rsd	142	2820097	14	0
ebe.p	1060	2820263	14	0
eba.p	764	2817835	14	0
ebb.rsd	142	2818623	14	0
ebc.p	1284	2818789	14	0
ecd.p	1284	2822467	14	0
eca.rsd	142	2821347	14	0
ecb.p	764	2821513	14	0
ecc.rsd	142	2822301	14	0
ece.rsd	142	2823775	14	0
eda.p	1060	2823941	14	0
edes03.tex	1324	1373073	14	0
edb.rsd	142	2825025	14	0
edc.p	764	2825191	14	0
ede.p	1968	2826145	14	0
edes02.tex	1324	1371725	14	0
edes01.tex	1324	1370377	14	0
edd.rsd	142	2825979	14	0
edes04.tex	1324	1374421	14	0
eee.rsd	142	2833957	14	0
eec.rsd	142	2830851	14	0
eed.p	2916	2831017	14	0
eeb.p	2524	2828303	14	0
eea.rsd	142	2828137	14	0
efe.p	848	2839095	14	0
efc.p	2068	2836837	14	0
efb.rsd	142	2836671	14	0
efa.p	2524	2834123	14	0
efd.rsd	142	2838929	14	0
egd.p	2640	2841035	14	0
egc.rsd	142	2840869	14	0
egb.p	712	2840133	14	0
ega.rsd	142	2839967	14	0
ege.rsd	142	2843699	14	0
ehe.p	712	2847161	14	0
ehd.rsd	142	2846995	14	0
ehc.p	848	2846123	14	0
ehb.rsd	142	2845957	14	0
eha.p	2068	2843865	14	0
eie.a	3012	2863179	14	0
eid.a	11196	2851959	14	0
eic.a	1152	2850783	14	0
eia.rsd	142	2847897	14	0
eib.p	1584	2848063	14	0
ejb.a	12312	2867763	14	0
eja.a	1524	2866215	14	0
ejc.a	14544	2880099	14	0
ejd.a	3384	2894667	14	0
eje.hrc	78	2913690	14	0
ekb.p	13120	2898174	14	0
ekc.tex	2348	2911318	14	0
eka.rsd	75	2898075	14	0
ekd.a	756	2913792	14	0
eke.hrc	117	2959974	14	0
elm01.tex	1324	428941	14	0
ela.rsd	142	2914572	14	0
elm_r2.tex	1324	437405	14	0
elm_r.tex	1324	436057	14	0
elm_gro.tex	4396	431637	14	0
elb.p	6056	2914738	14	0
elc.rsd	142	2920818	14	0
eld.p	9700	2920984	14	0
ele.rsd	142	2930708	14	0
elm02.tex	1324	430289	14	0
emd.rsd	142	2957492	14	0
emc.p	9552	2947916	14	0
emb.rsd	142	2947750	14	0
ema.p	16852	2930874	14	0
eme.p	2292	2957658	14	0
enc_w.bin	2208	3025925	14	0
ena.a	2916	2960115	14	0
farm_r.tex	812	442797	14	0
farm02.tex	1324	440101	14	0
farm_g.tex	1324	441449	14	0
farm01.tex	1324	438753	14	0
fall8.tex	1324	1288149	14	0
fall7.tex	1324	1286801	14	0
fall6.tex	1324	1285453	14	0
fall5.tex	1324	1284105	14	0
fall4.tex	1324	1282757	14	0
fall3.tex	1324	1281409	14	0
fall2.tex	1324	1280061	14	0
fall1.tex	1324	1278713	14	0
field.tbl	1536	3023317	14	0
fld_02.tex	4396	448053	14	0
fld_s.tex	4396	452473	14	0
fld_s2.tex	1324	456893	14	0
fld_sw.tex	4396	458241	14	0
fld_v.tex	16684	462661	14	0
fld_vd.tex	2348	479369	14	0
fld.tex	4396	443633	14	0
fld_vd2.tex	2348	481741	14	0
fvedge.tex	2348	484113	14	0
gclfwa2.tex	2348	505889	14	0
gclfwa.tex	8492	497373	14	0
gclf_g.tex	2348	495001	14	0
gclf_d.tex	8492	486485	14	0
gclfwag.tex	2348	508261	14	0
ggmt_ed.tex	4396	549117	14	0
ggmt_eg.tex	1324	553537	14	0
ggmtd.tex	16684	554885	14	0
ggs_g.tex	1324	571593	14	0
ggshr.tex	1324	572941	14	0
ggshrg.tex	1324	574289	14	0
ggmt_e.tex	4396	544697	14	0
gg_gro.tex	4396	510633	14	0
gg_mts.tex	8492	515053	14	0
ggmk.tex	4396	523569	14	0
ggmt.tex	16684	527989	14	0
gia.tex	2348	575637	14	0
gia2.tex	2348	578009	14	0
gia_d.tex	2348	580381	14	0
gia_d2.tex	2348	582753	14	0
gia_g.tex	1324	585125	14	0
gia_g2.tex	1324	586473	14	0
gmt_eda.tex	1324	587821	14	0
gonclf.tex	8492	589169	14	0
gredge.tex	1324	597685	14	0
hokola01.tex	4396	1727817	14	0
hokola02.tex	4396	1732237	14	0
hyouga.tex	4396	599033	14	0
iceclfg.tex	1324	608197	14	0
iceclf.tex	2348	603453	14	0
iceclfd.tex	2348	605825	14	0
junn01.tex	1324	625501	14	0
jutmpl01.tex	4396	630893	14	0
junn04.tex	1324	629545	14	0
junn03.tex	1324	628197	14	0
jun_e.tex	1324	618385	14	0
jun_d.tex	4396	613965	14	0
jun.tex	4396	609545	14	0
jun_gro.tex	4396	619733	14	0
junmk.tex	1324	624153	14	0
junn02.tex	1324	626849	14	0
lake-e.tex	1324	635313	14	0
lake_fl.tex	4396	638009	14	0
lake_ef.tex	1324	636661	14	0
lake_a.tex	33068	1397869	14	0
lostmt.tex	4396	644801	14	0
lostclf.tex	2348	642429	14	0
lostwod.tex	4396	657361	14	0
lostwd_e.tex	1324	656013	14	0
lostmtd.tex	4396	649221	14	0
lostmts.tex	2348	653641	14	0
lst3.tex	1324	1297585	14	0
lst1.tex	1324	1294889	14	0
lst4.tex	1324	1298933	14	0
lst2.tex	1324	1296237	14	0
lstwd_e2.tex	1324	661781	14	0
map.tex	8492	170449	14	0
md_snww.tex	1324	799229	14	0
md_snws.tex	4396	790389	14	0
md_snwe.tex	4396	785969	14	0
md_snwd.tex	8492	777453	14	0
md_snw2.tex	4396	773033	14	0
md_snow.tex	4396	768613	14	0
md_mts.tex	8492	760097	14	0
md_mtd.tex	16684	743389	14	0
md_mt.tex	16684	726681	14	0
md07.tex	556	726101	14	0
md06.tex	812	725265	14	0
md04.tex	1324	722569	14	0
md03.tex	556	721989	14	0
md02.tex	16684	705281	14	0
md01.tex	1324	703933	14	0
md05.tex	1324	723917	14	0
md_snwt.tex	4396	794809	14	0
mdsrt_eg.tex	1324	844181	14	0
mdsrt_e.tex	4396	835341	14	0
md_swnp.tex	16684	818633	14	0
md_swd2.tex	1324	817285	14	0
md_sw_s.tex	16684	800577	14	0
mdsrt_ed.tex	4396	839761	14	0
meteo.tex	16684	270373	14	0
mes	2870	3020423	14	0
midil.tex	1324	845529	14	0
midg.tex	2796	250845	14	0
midild.tex	1324	846877	14	0
midlmap2.tex	65836	96073	14	0
midlmap.tex	65836	30213	14	0
mt_se2.tex	4396	855341	14	0
mt_se.tex	1324	853993	14	0
mt_road.tex	4396	849573	14	0
mt_ewg.tex	1324	848225	14	0
mtwas_e.tex	4396	869573	14	0
mtwas_ed.tex	4396	873993	14	0
mtcoin.tex	4396	865153	14	0
mt_sg04.tex	1324	863805	14	0
mt_sg03.tex	1324	862457	14	0
mt_sg02.tex	1324	861109	14	0
mt_sg01.tex	1324	859761	14	0
mzmt_s.tex	4396	695093	14	0
mzmt_o.tex	4396	686253	14	0
mzmt_ew.tex	4396	681833	14	0
mzmt_edw.tex	4396	677413	14	0
mzmt_ed.tex	4396	672993	14	0
mzmt_e.tex	8492	664477	14	0
mzes.tex	1324	663129	14	0
mzmt_sd.tex	4396	699513	14	0
mzmt_od.tex	4396	690673	14	0
ncole02.tex	1324	884181	14	0
ncole01.tex	1324	882833	14	0
ncol_gro.tex	4396	878413	14	0
nivl_gro.tex	4396	885529	14	0
nivl_mt.tex	8492	889949	14	0
nivl_top.tex	1324	898465	14	0
nivlr.tex	1324	899813	14	0
port.tex	1324	901161	14	0
pond.tex	1324	287081	14	0
port_d.tex	1324	902509	14	0
radar.tex	8492	161933	14	0
rct_gro.tex	8492	908277	14	0
rivs2.tex	1324	1377117	14	0
riv_l1.tex	1324	1327241	14	0
rivstrt.tex	1324	935121	14	0
rivssr.tex	2348	932749	14	0
rivshr.tex	4396	928329	14	0
rivs4.tex	1324	1379813	14	0
rivs3.tex	1324	1378465	14	0
rivs1.tex	1324	1375769	14	0
rivrclf.tex	4396	923909	14	0
rivr.tex	1324	922561	14	0
riv_m.tex	1324	921213	14	0
riv_cls.tex	4396	916793	14	0
riv_l4.tex	1324	1331285	14	0
riv_m2.tex	1324	288429	14	0
riv_l3.tex	1324	1329937	14	0
riv_l2.tex	1324	1328589	14	0
rm4.tex	1324	1309717	14	0
rm3.tex	1324	1308369	14	0
rm1.tex	1324	1305673	14	0
rm2.tex	1324	1307021	14	0
rock.tex	65836	1430961	14	0
rocet.tex	1324	936469	14	0
rs_ss.tex	1324	937817	14	0
rzclf02.tex	4396	903857	14	0
sango.tex	1324	939165	14	0
sango2.tex	1324	940513	14	0
sango3.tex	1324	941861	14	0
sango4.tex	4396	943209	14	0
scave.tex	65836	1496821	14	0
sdun.tex	4396	947629	14	0
sdun02.tex	4396	952049	14	0
sh3.tex	1324	1319153	14	0
sh2.tex	1324	1317805	14	0
sh1.tex	1324	1316457	14	0
shadow.tex	4396	178965	14	0
shedge.tex	2348	956469	14	0
sh_s2.tex	1324	1339373	14	0
sh_s1.tex	1324	1338025	14	0
shol.tex	16684	958841	14	0
shlm_4.tex	1324	1363637	14	0
shlm_3.tex	1324	1362289	14	0
shlm_2.tex	1324	1360941	14	0
shlm_1.tex	1324	1359593	14	0
shor.tex	16684	979969	14	0
shor_s.tex	4396	996677	14	0
shor_s2.tex	1324	1001097	14	0
sh_s3.tex	1324	1340721	14	0
shor_v.tex	1324	1002445	14	0
sh_s4.tex	1324	1342069	14	0
shol_s.tex	4396	975549	14	0
sh4.tex	1324	1320501	14	0
silo.tex	1324	1003793	14	0
slope.tex	4396	1005141	14	0
snow_es.tex	1324	1009561	14	0
snow_es2.tex	1324	1010909	14	0
snow_es3.tex	1324	1012257	14	0
snw_mt.tex	16684	1013605	14	0
snw_mtd.tex	16684	1030313	14	0
snw_mte.tex	2348	1047021	14	0
snw_mted.tex	2348	1049393	14	0
snw_mts.tex	8492	1051765	14	0
snwfld.tex	4396	1062653	14	0
snwfld_s.tex	2348	1067073	14	0
sng02.tex	16684	1711109	14	0
sng01.tex	16684	1694401	14	0
snw_mts2.tex	2348	1060281	14	0
snwgra.tex	4396	1069445	14	0
snwhm01.tex	1324	1073865	14	0
snwhm02.tex	1324	1075213	14	0
snwods.tex	1324	1076561	14	0
snwood.tex	4396	1077909	14	0
snow5.tex	65836	1811357	14	0
snow4.tex	65836	1745497	14	0
snwfld2.tex	4396	1741077	14	0
snwfldl.tex	4396	1736657	14	0
snwtrk.tex	2348	1082329	14	0
sse_s3.tex	1324	1346113	14	0
sst1.tex	1324	1300281	14	0
ssand.tex	65836	1562681	14	0
sst2.tex	1324	1301629	14	0
sst3.tex	1324	1302977	14	0
sse_s1.tex	1324	1343417	14	0
sse_s4.tex	1324	1347461	14	0
sst4.tex	1324	1304325	14	0
ssee1.tex	1324	1321849	14	0
ssee4.tex	1324	1325893	14	0
sse_s2.tex	1324	1344765	14	0
ssee2.tex	1324	1323197	14	0
ssee3.tex	1324	1324545	14	0
stw_gro.tex	4396	1086049	14	0
stown_r.tex	1324	1084701	14	0
subrg2.tex	1324	1090469	14	0
susbrg.tex	4396	1091817	14	0
swp3.tex	1324	1351505	14	0
swp2.tex	1324	1350157	14	0
swp1.tex	1324	1348809	14	0
sw_se.tex	4396	1096237	14	0
swclf_sd.tex	2348	1114241	14	0
swclf_l.tex	4396	1100657	14	0
swp4.tex	1324	1352853	14	0
swclf_wg.tex	1324	1117961	14	0
swfld_s2.tex	2348	1119309	14	0
swfld_s3.tex	1324	1121681	14	0
swmd_cg.tex	1324	1123029	14	0
swmd_clf.tex	2348	1124377	14	0
swclf_lg.tex	2348	1109497	14	0
swclf_ld.tex	4396	1105077	14	0
swclf_sg.tex	1324	1116613	14	0
swall02.tex	65836	1628541	14	0
swclf_s.tex	2348	1111869	14	0
trk.tex	4396	1126749	14	0
tyo_f.tex	16684	1131169	14	0
tyosnw.tex	8492	1147877	14	0
uf4.tex	1324	1293541	14	0
uf3.tex	1324	1292193	14	0
uf2.tex	1324	1290845	14	0
uf1.tex	1324	1289497	14	0
utai_gro.tex	4396	1159089	14	0
utaimt.tex	1324	1163509	14	0
utaimtg.tex	1324	1166205	14	0
utaimtd.tex	1324	1164857	14	0
utai01.tex	1324	1156393	14	0
utai02.tex	1324	1157741	14	0
wa6.tex	1324	1242317	14	0
wa7.tex	1324	1243665	14	0
wa8.tex	1324	1245013	14	0
was_g.tex	4396	1190677	14	0
was_d.tex	2348	1188305	14	0
was.tex	16684	1171597	14	0
wa2.tex	1324	1236925	14	0
was_gs.tex	4396	289777	14	0
was_s.tex	16684	1195097	14	0
wasfld.tex	4396	1211805	14	0
wa1.tex	1324	1235577	14	0
wa3.tex	1324	1238273	14	0
wa4.tex	1324	1239621	14	0
wa5.tex	1324	1240969	14	0
wdedge.tex	4396	1216225	14	0
we_s2.tex	1324	1269277	14	0
we_s5.tex	1324	1273321	14	0
we_s1.tex	1324	1267929	14	0
wedged.tex	2348	1220645	14	0
we_s3.tex	1324	1270625	14	0
we_s4.tex	1324	1271973	14	0
we_s6.tex	1324	1274669	14	0
we_s7.tex	1324	1276017	14	0
we_s8.tex	1324	1277365	14	0
we8.tex	1324	1255797	14	0
we7.tex	1324	1254449	14	0
we6.tex	1324	1253101	14	0
we5.tex	1324	1251753	14	0
we4.tex	1324	1250405	14	0
we3.tex	1324	1249057	14	0
we2.tex	1324	1247709	14	0
we1.tex	1324	1246361	14	0
wm0.ev	28672	3028157	14	0
wm2.ev	28672	3056853	14	0
wm3.ev	28672	3085549	14	0
wm.ta	57344	2963055	14	0
wm_kumo.tex	16684	253665	14	0
wod-e2.tex	1324	1223017	14	0
wood_d.tex	4396	1228785	14	0
wood.tex	4396	1224365	14	0
wpcltr2.tex	1324	298617	14	0
wpcltr.tex	4396	294197	14	0
wtrk.tex	2348	1233205	14	0
wzs8.tex	1324	1266581	14	0
wzs7.tex	1324	1265233	14	0
wzshrs.tex	1324	1170249	14	0
wzshr2.tex	1324	1168901	14	0
wzs5.tex	1324	1262537	14	0
wzshr.tex	1324	1167553	14	0
wzs1.tex	1324	1257145	14	0
wzs2.tex	1324	1258493	14	0
wzs3.tex	1324	1259841	14	0
wzs4.tex	1324	1261189	14	0
wzs6.tex	1324	1263885	14	0
wzs7.tex	1324	1265233	N/A	N/A
wzs8.tex	1324	1266581	N/A	N/A
we_s1.tex	1324	1267929	N/A	N/A
we_s2.tex	1324	1269277	N/A	N/A
we_s3.tex	1324	1270625	N/A	N/A
we_s4.tex	1324	1271973	N/A	N/A
we_s5.tex	1324	1273321	N/A	N/A
we_s6.tex	1324	1274669	N/A	N/A
we_s7.tex	1324	1276017	N/A	N/A
we_s8.tex	1324	1277365	N/A	N/A
fall1.tex	1324	1278713	N/A	N/A
fall2.tex	1324	1280061	N/A	N/A
fall3.tex	1324	1281409	N/A	N/A
fall4.tex	1324	1282757	N/A	N/A
fall5.tex	1324	1284105	N/A	N/A
fall6.tex	1324	1285453	N/A	N/A
fall7.tex	1324	1286801	N/A	N/A
fall8.tex	1324	1288149	N/A	N/A
uf1.tex	1324	1289497	N/A	N/A
uf2.tex	1324	1290845	N/A	N/A
uf3.tex	1324	1292193	N/A	N/A
uf4.tex	1324	1293541	N/A	N/A
lst1.tex	1324	1294889	N/A	N/A
lst2.tex	1324	1296237	N/A	N/A
lst3.tex	1324	1297585	N/A	N/A
lst4.tex	1324	1298933	N/A	N/A
sst1.tex	1324	1300281	N/A	N/A
sst2.tex	1324	1301629	N/A	N/A
sst3.tex	1324	1302977	N/A	N/A
sst4.tex	1324	1304325	N/A	N/A
rm1.tex	1324	1305673	N/A	N/A
rm2.tex	1324	1307021	N/A	N/A
rm3.tex	1324	1308369	N/A	N/A
rm4.tex	1324	1309717	N/A	N/A
ds1.tex	1324	1311065	N/A	N/A
ds2.tex	1324	1312413	N/A	N/A
ds3.tex	1324	1313761	N/A	N/A
ds4.tex	1324	1315109	N/A	N/A
sh1.tex	1324	1316457	N/A	N/A
sh2.tex	1324	1317805	N/A	N/A
sh3.tex	1324	1319153	N/A	N/A
sh4.tex	1324	1320501	N/A	N/A
ssee1.tex	1324	1321849	N/A	N/A
ssee2.tex	1324	1323197	N/A	N/A
ssee3.tex	1324	1324545	N/A	N/A
ssee4.tex	1324	1325893	N/A	N/A
riv_l1.tex	1324	1327241	N/A	N/A
riv_l2.tex	1324	1328589	N/A	N/A
riv_l3.tex	1324	1329937	N/A	N/A
riv_l4.tex	1324	1331285	N/A	N/A
ds_s1.tex	1324	1332633	N/A	N/A
ds_s2.tex	1324	1333981	N/A	N/A
ds_s3.tex	1324	1335329	N/A	N/A
ds_s4.tex	1324	1336677	N/A	N/A
sh_s1.tex	1324	1338025	N/A	N/A
sh_s2.tex	1324	1339373	N/A	N/A
sh_s3.tex	1324	1340721	N/A	N/A
sh_s4.tex	1324	1342069	N/A	N/A
sse_s1.tex	1324	1343417	N/A	N/A
sse_s2.tex	1324	1344765	N/A	N/A
sse_s3.tex	1324	1346113	N/A	N/A
sse_s4.tex	1324	1347461	N/A	N/A
swp1.tex	1324	1348809	N/A	N/A
swp2.tex	1324	1350157	N/A	N/A
swp3.tex	1324	1351505	N/A	N/A
swp4.tex	1324	1352853	N/A	N/A
dsee1.tex	1324	1354201	N/A	N/A
dsee2.tex	1324	1355549	N/A	N/A
dsee3.tex	1324	1356897	N/A	N/A
dsee4.tex	1324	1358245	N/A	N/A
shlm_1.tex	1324	1359593	N/A	N/A
shlm_2.tex	1324	1360941	N/A	N/A
shlm_3.tex	1324	1362289	N/A	N/A
shlm_4.tex	1324	1363637	N/A	N/A
des01.tex	1324	1364985	N/A	N/A
des02.tex	1324	1366333	N/A	N/A
des03.tex	1324	1367681	N/A	N/A
des04.tex	1324	1369029	N/A	N/A
edes01.tex	1324	1370377	N/A	N/A
edes02.tex	1324	1371725	N/A	N/A
edes03.tex	1324	1373073	N/A	N/A
edes04.tex	1324	1374421	N/A	N/A
rivs1.tex	1324	1375769	N/A	N/A
rivs2.tex	1324	1377117	N/A	N/A
rivs3.tex	1324	1378465	N/A	N/A
rivs4.tex	1324	1379813	N/A	N/A
cltr.tex	16684	1381161	N/A	N/A
lake_a.tex	33068	1397869	N/A	N/A
rock.tex	65836	1430961	N/A	N/A
scave.tex	65836	1496821	N/A	N/A
ssand.tex	65836	1562681	N/A	N/A
swall02.tex	65836	1628541	N/A	N/A
sng01.tex	16684	1694401	N/A	N/A
sng02.tex	16684	1711109	N/A	N/A
hokola01.tex	4396	1727817	N/A	N/A
hokola02.tex	4396	1732237	N/A	N/A
snwfldl.tex	4396	1736657	N/A	N/A
snwfld2.tex	4396	1741077	N/A	N/A
snow4.tex	65836	1745497	N/A	N/A
snow5.tex	65836	1811357	N/A	N/A
aab.rsd	75	1877217	N/A	N/A
aac.p	4596	1877316	N/A	N/A
aad.tex	812	1881936	N/A	N/A
aaa.hrc	80	1882772	N/A	N/A
aae.a	756	1882876	N/A	N/A
abb.rsd	59	1883656	N/A	N/A
abc.p	2520	1883739	N/A	N/A
abd.rsd	59	1886283	N/A	N/A
abe.p	10548	1886366	N/A	N/A
aca.rsd	59	1896938	N/A	N/A
acb.p	740	1897021	N/A	N/A
acc.rsd	59	1897785	N/A	N/A
acd.p	792	1897868	N/A	N/A
ace.rsd	59	1898684	N/A	N/A
ada.p	792	1898767	N/A	N/A
adb.rsd	59	1899583	N/A	N/A
adc.p	792	1899666	N/A	N/A
add.rsd	59	1900482	N/A	N/A
ade.p	792	1900565	N/A	N/A
aea.rsd	59	1901381	N/A	N/A
aeb.p	2852	1901464	N/A	N/A
aec.rsd	59	1904340	N/A	N/A
aed.p	740	1904423	N/A	N/A
aee.rsd	59	1905187	N/A	N/A
afa.p	740	1905270	N/A	N/A
afb.rsd	59	1906034	N/A	N/A
afc.p	792	1906117	N/A	N/A
afd.rsd	59	1906933	N/A	N/A
afe.p	792	1907016	N/A	N/A
aga.rsd	59	1907832	N/A	N/A
agb.p	792	1907915	N/A	N/A
agc.rsd	59	1908731	N/A	N/A
agd.p	792	1908814	N/A	N/A
aba.hrc	762	1909630	N/A	N/A
age.a	1008	1910416	N/A	N/A
aha.a	9756	1911448	N/A	N/A
ahb.a	1980	1921228	N/A	N/A
ahc.a	1008	1923232	N/A	N/A
ahd.a	1980	1924264	N/A	N/A
ahe.a	6516	1926268	N/A	N/A
aib.rsd	75	1932808	N/A	N/A
aic.p	5368	1932907	N/A	N/A
aid.tex	1324	1938299	N/A	N/A
aia.hrc	79	1939647	N/A	N/A
aie.a	756	1939750	N/A	N/A
ajb.rsd	124	1940530	N/A	N/A
ajc.p	1580	1940678	N/A	N/A
ajd.rsd	124	1942282	N/A	N/A
aje.p	1404	1942430	N/A	N/A
aka.rsd	124	1943858	N/A	N/A
akb.p	1228	1944006	N/A	N/A
akc.rsd	124	1945258	N/A	N/A
akd.p	4020	1945406	N/A	N/A
ake.rsd	124	1949450	N/A	N/A
ala.p	832	1949598	N/A	N/A
alb.rsd	124	1950454	N/A	N/A
alc.p	1404	1950602	N/A	N/A
ald.rsd	124	1952030	N/A	N/A
ale.p	1448	1952178	N/A	N/A
ama.rsd	124	1953650	N/A	N/A
amb.p	876	1953798	N/A	N/A
amc.rsd	124	1954698	N/A	N/A
amd.p	672	1954846	N/A	N/A
ame.rsd	124	1955542	N/A	N/A
ana.p	700	1955690	N/A	N/A
anb.rsd	124	1956414	N/A	N/A
anc.p	820	1956562	N/A	N/A
and.rsd	124	1957406	N/A	N/A
ane.p	644	1957554	N/A	N/A
aoa.rsd	124	1958222	N/A	N/A
aob.p	760	1958370	N/A	N/A
aoc.rsd	124	1959154	N/A	N/A
aod.p	644	1959302	N/A	N/A
aoe.rsd	124	1959970	N/A	N/A
apa.p	760	1960118	N/A	N/A
apb.rsd	124	1960902	N/A	N/A
apc.p	876	1961050	N/A	N/A
apd.rsd	124	1961950	N/A	N/A
ape.p	672	1962098	N/A	N/A
aqa.rsd	124	1962794	N/A	N/A
aqb.p	700	1962942	N/A	N/A
aqc.rsd	124	1963666	N/A	N/A
aqd.p	820	1963814	N/A	N/A
aqe.rsd	124	1964658	N/A	N/A
ara.p	644	1964806	N/A	N/A
arb.rsd	124	1965474	N/A	N/A
arc.p	760	1965622	N/A	N/A
ard.rsd	124	1966406	N/A	N/A
are.p	644	1966554	N/A	N/A
asa.rsd	124	1967222	N/A	N/A
asb.p	760	1967370	N/A	N/A
aja.hrc	1009	1968154	N/A	N/A
asc.a	7236	1969187	N/A	N/A
asd.a	8676	1976447	N/A	N/A
ase.a	5436	1985147	N/A	N/A
atb.rsd	59	1990607	N/A	N/A
atc.p	1740	1990690	N/A	N/A
atd.rsd	59	1992454	N/A	N/A
ate.p	6936	1992537	N/A	N/A
aua.rsd	107	1999497	N/A	N/A
aub.p	14612	1999628	N/A	N/A
auc.tex	1324	2014264	N/A	N/A
aud.tex	1324	2015612	N/A	N/A
aue.tex	1324	2016960	N/A	N/A
ava.rsd	59	2018308	N/A	N/A
avb.p	2112	2018391	N/A	N/A
avc.rsd	59	2020527	N/A	N/A
avd.p	2148	2020610	N/A	N/A
ave.rsd	59	2022782	N/A	N/A
awa.p	1216	2022865	N/A	N/A
awb.rsd	59	2024105	N/A	N/A
awc.p	2112	2024188	N/A	N/A
awd.rsd	59	2026324	N/A	N/A
awe.p	2148	2026407	N/A	N/A
axa.rsd	59	2028579	N/A	N/A
axb.p	1216	2028662	N/A	N/A
axc.rsd	59	2029902	N/A	N/A
axd.p	1176	2029985	N/A	N/A
axe.rsd	59	2031185	N/A	N/A
aya.p	2212	2031268	N/A	N/A
ayb.rsd	59	2033504	N/A	N/A
ayc.p	1672	2033587	N/A	N/A
ayd.rsd	59	2035283	N/A	N/A
aye.p	1176	2035366	N/A	N/A
aza.rsd	59	2036566	N/A	N/A
azb.p	2212	2036649	N/A	N/A
azc.rsd	59	2038885	N/A	N/A
azd.p	1672	2038968	N/A	N/A
ata.hrc	764	2040664	N/A	N/A
aze.a	312	2041452	N/A	N/A
baa.a	4176	2041788	N/A	N/A
bab.a	5556	2045988	N/A	N/A
bac.a	6660	2051568	N/A	N/A
bad.a	5280	2058252	N/A	N/A
bae.a	5280	2063556	N/A	N/A
bba.a	8316	2068860	N/A	N/A
bbb.a	16596	2077200	N/A	N/A
bbc.a	5556	2093820	N/A	N/A
bbd.a	2244	2099400	N/A	N/A
bca.rsd	59	2101668	N/A	N/A
bcb.p	1404	2101751	N/A	N/A
bcc.rsd	59	2103179	N/A	N/A
bcd.p	3568	2103262	N/A	N/A
bce.rsd	172	2106854	N/A	N/A
bda.p	9588	2107050	N/A	N/A
bdb.tex	1324	2116662	N/A	N/A
bdc.tex	1324	2118010	N/A	N/A
bdd.tex	1324	2119358	N/A	N/A
bde.rsd	59	2120706	N/A	N/A
bea.p	1700	2120789	N/A	N/A
beb.rsd	59	2122513	N/A	N/A
bec.p	1660	2122596	N/A	N/A
bed.rsd	59	2124280	N/A	N/A
bee.p	876	2124363	N/A	N/A
bfa.rsd	59	2125263	N/A	N/A
bfb.p	1580	2125346	N/A	N/A
bfc.rsd	59	2126950	N/A	N/A
bfd.p	1580	2127033	N/A	N/A
bfe.rsd	59	2128637	N/A	N/A
bga.p	876	2128720	N/A	N/A
bgb.rsd	59	2129620	N/A	N/A
bgc.p	1052	2129703	N/A	N/A
bgd.rsd	59	2130779	N/A	N/A
bge.p	1852	2130862	N/A	N/A
bha.rsd	59	2132738	N/A	N/A
bhb.p	1052	2132821	N/A	N/A
bhc.rsd	59	2133897	N/A	N/A
bhd.p	1052	2133980	N/A	N/A
bhe.rsd	59	2135056	N/A	N/A
bia.p	1852	2135139	N/A	N/A
bib.rsd	59	2137015	N/A	N/A
bic.p	1052	2137098	N/A	N/A
bbe.hrc	771	2138174	N/A	N/A
bid.a	312	2138969	N/A	N/A
bie.a	4176	2139305	N/A	N/A
bja.a	5556	2143505	N/A	N/A
bjb.a	6660	2149085	N/A	N/A
bjc.a	4176	2155769	N/A	N/A
bjd.a	4176	2159969	N/A	N/A
bje.a	8316	2164169	N/A	N/A
bka.a	8316	2172509	N/A	N/A
bkb.a	4176	2180849	N/A	N/A
bkc.a	1692	2185049	N/A	N/A
bke.rsd	91	2186765	N/A	N/A
bla.p	6008	2186880	N/A	N/A
blb.tex	4396	2192912	N/A	N/A
blc.tex	1324	2197332	N/A	N/A
bkd.hrc	80	2198680	N/A	N/A
bld.a	756	2198784	N/A	N/A
bma.rsd	59	2199564	N/A	N/A
bmb.p	12572	2199647	N/A	N/A
bmc.rsd	59	2212243	N/A	N/A
bmd.p	1660	2212326	N/A	N/A
ble.hrc	80	2214010	N/A	N/A
bme.a	60	2214114	N/A	N/A
bnb.rsd	142	2214198	N/A	N/A
bnc.p	1268	2214364	N/A	N/A
bnd.rsd	142	2215656	N/A	N/A
bne.p	1588	2215822	N/A	N/A
boa.rsd	142	2217434	N/A	N/A
bob.p	5956	2217600	N/A	N/A
boc.rsd	142	2223580	N/A	N/A
bod.p	1120	2223746	N/A	N/A
boe.rsd	142	2224890	N/A	N/A
bpa.p	1424	2225056	N/A	N/A
bpb.rsd	59	2226504	N/A	N/A
bpc.p	2404	2226587	N/A	N/A
bpd.rsd	142	2229015	N/A	N/A
bpe.p	1120	2229181	N/A	N/A
bqa.rsd	142	2230325	N/A	N/A
bqb.p	1424	2230491	N/A	N/A
bqc.rsd	59	2231939	N/A	N/A
bqd.p	2404	2232022	N/A	N/A
bqe.rsd	59	2234450	N/A	N/A
bra.p	508	2234533	N/A	N/A
brb.rsd	59	2235065	N/A	N/A
brc.p	1376	2235148	N/A	N/A
brd.rsd	59	2236548	N/A	N/A
bre.p	2644	2236631	N/A	N/A
bsa.rsd	142	2239299	N/A	N/A
bsb.p	1044	2239465	N/A	N/A
bsc.rsd	59	2240533	N/A	N/A
bsd.p	1376	2240616	N/A	N/A
bse.rsd	59	2242016	N/A	N/A
bta.p	2644	2242099	N/A	N/A
btb.rsd	142	2244767	N/A	N/A
btc.p	1044	2244933	N/A	N/A
bna.hrc	865	2246001	N/A	N/A
btd.a	4716	2246890	N/A	N/A
bte.a	18756	2251630	N/A	N/A
bua.a	4716	2270410	N/A	N/A
bub.a	4716	2275150	N/A	N/A
buc.a	9396	2279890	N/A	N/A
bue.rsd	59	2289310	N/A	N/A
bva.p	760	2289393	N/A	N/A
bvb.rsd	59	2290177	N/A	N/A
bvc.p	1356	2290260	N/A	N/A
bvd.rsd	59	2291640	N/A	N/A
bve.p	1868	2291723	N/A	N/A
bwa.rsd	59	2293615	N/A	N/A
bwb.p	2052	2293698	N/A	N/A
bwc.rsd	59	2295774	N/A	N/A
bwd.p	1228	2295857	N/A	N/A
bwe.rsd	59	2297109	N/A	N/A
bxa.p	1116	2297192	N/A	N/A
bxb.rsd	59	2298332	N/A	N/A
bxc.p	764	2298415	N/A	N/A
bxd.rsd	59	2299203	N/A	N/A
bxe.p	1944	2299286	N/A	N/A
bya.rsd	59	2301254	N/A	N/A
byb.p	672	2301337	N/A	N/A
byc.rsd	59	2302033	N/A	N/A
byd.p	672	2302116	N/A	N/A
bye.rsd	59	2302812	N/A	N/A
bza.p	672	2302895	N/A	N/A
bzb.rsd	59	2303591	N/A	N/A
bzc.p	672	2303674	N/A	N/A
bzd.rsd	59	2304370	N/A	N/A
bze.p	1532	2304453	N/A	N/A
caa.rsd	59	2306009	N/A	N/A
cab.p	1620	2306092	N/A	N/A
cac.rsd	59	2307736	N/A	N/A
cad.p	1944	2307819	N/A	N/A
cae.rsd	59	2309787	N/A	N/A
cba.p	672	2309870	N/A	N/A
cbb.rsd	59	2310566	N/A	N/A
cbc.p	672	2310649	N/A	N/A
cbd.rsd	59	2311345	N/A	N/A
cbe.p	672	2311428	N/A	N/A
cca.rsd	59	2312124	N/A	N/A
ccb.p	672	2312207	N/A	N/A
ccc.rsd	59	2312903	N/A	N/A
ccd.p	1404	2312986	N/A	N/A
cce.rsd	59	2314414	N/A	N/A
cda.p	1944	2314497	N/A	N/A
cdb.rsd	59	2316465	N/A	N/A
cdc.p	1404	2316548	N/A	N/A
cdd.rsd	59	2317976	N/A	N/A
cde.p	1944	2318059	N/A	N/A
bud.hrc	970	2320027	N/A	N/A
cea.a	22356	2321021	N/A	N/A
ceb.a	22356	2343401	N/A	N/A
ced.rsd	75	2365781	N/A	N/A
cee.p	10160	2365880	N/A	N/A
cfa.tex	2348	2376064	N/A	N/A
cec.hrc	81	2378436	N/A	N/A
cfb.a	756	2378541	N/A	N/A
cfd.rsd	91	2379321	N/A	N/A
cfe.p	9888	2379436	N/A	N/A
cga.tex	1324	2389348	N/A	N/A
cgb.tex	4396	2390696	N/A	N/A
cfc.hrc	80	2395116	N/A	N/A
cgc.a	756	2395220	N/A	N/A
cge.rsd	142	2396000	N/A	N/A
cha.p	9696	2396166	N/A	N/A
chb.rsd	59	2405886	N/A	N/A
chc.p	8756	2405969	N/A	N/A
chd.rsd	59	2414749	N/A	N/A
che.p	1036	2414832	N/A	N/A
cia.rsd	59	2415892	N/A	N/A
cib.p	1036	2415975	N/A	N/A
cgd.hrc	251	2417035	N/A	N/A
cic.a	1476	2417310	N/A	N/A
cie.rsd	142	2418810	N/A	N/A
cja.p	8328	2418976	N/A	N/A
cjb.rsd	142	2427328	N/A	N/A
cjc.p	724	2427494	N/A	N/A
cjd.rsd	142	2428242	N/A	N/A
cje.p	2004	2428408	N/A	N/A
cka.rsd	142	2430436	N/A	N/A
ckb.p	2136	2430602	N/A	N/A
ckc.rsd	142	2432762	N/A	N/A
ckd.p	724	2432928	N/A	N/A
cke.rsd	142	2433676	N/A	N/A
cla.p	12296	2433842	N/A	N/A
clb.rsd	142	2446162	N/A	N/A
clc.p	3092	2446328	N/A	N/A
cld.rsd	142	2449444	N/A	N/A
cle.p	3092	2449610	N/A	N/A
cid.hrc	633	2452726	N/A	N/A
cma.a	6876	2453383	N/A	N/A
cmc.rsd	75	2460283	N/A	N/A
cmd.p	7744	2460382	N/A	N/A
cme.tex	2348	2468150	N/A	N/A
cmb.hrc	81	2470522	N/A	N/A
cna.a	756	2470627	N/A	N/A
cnc.rsd	91	2471407	N/A	N/A
cnd.p	3148	2471522	N/A	N/A
cne.tex	2348	2474694	N/A	N/A
coa.tex	1324	2477066	N/A	N/A
cnb.hrc	78	2478414	N/A	N/A
cob.a	756	2478516	N/A	N/A
cod.rsd	75	2479296	N/A	N/A
coe.p	2644	2479395	N/A	N/A
cpa.tex	2348	2482063	N/A	N/A
coc.hrc	79	2484435	N/A	N/A
cpb.a	756	2484538	N/A	N/A
cpd.rsd	131	2485318	N/A	N/A
cpe.p	3988	2485473	N/A	N/A
cqa.tex	2348	2489485	N/A	N/A
cpc.hrc	82	2491857	N/A	N/A
cqb.a	756	2491963	N/A	N/A
cqd.rsd	59	2492743	N/A	N/A
cqe.p	4136	2492826	N/A	N/A
cra.rsd	59	2496986	N/A	N/A
crb.p	1196	2497069	N/A	N/A
crc.rsd	59	2498289	N/A	N/A
crd.p	776	2498372	N/A	N/A
cre.rsd	59	2499172	N/A	N/A
csa.p	1148	2499255	N/A	N/A
csb.rsd	59	2500427	N/A	N/A
csc.p	840	2500510	N/A	N/A
csd.rsd	59	2501374	N/A	N/A
cse.p	840	2501457	N/A	N/A
cta.rsd	59	2502321	N/A	N/A
ctb.p	840	2502404	N/A	N/A
ctc.rsd	59	2503268	N/A	N/A
ctd.p	840	2503351	N/A	N/A
cte.rsd	59	2504215	N/A	N/A
cua.p	748	2504298	N/A	N/A
cub.rsd	59	2505070	N/A	N/A
cuc.p	548	2505153	N/A	N/A
cud.rsd	59	2505725	N/A	N/A
cue.p	548	2505808	N/A	N/A
cva.rsd	59	2506380	N/A	N/A
cvb.p	548	2506463	N/A	N/A
cvc.rsd	59	2507035	N/A	N/A
cvd.p	872	2507118	N/A	N/A
cve.rsd	59	2508014	N/A	N/A
cwa.p	872	2508097	N/A	N/A
cwb.rsd	59	2508993	N/A	N/A
cwc.p	872	2509076	N/A	N/A
cwd.rsd	59	2509972	N/A	N/A
cwe.p	872	2510055	N/A	N/A
cxa.rsd	59	2510951	N/A	N/A
cxb.p	1732	2511034	N/A	N/A
cxc.rsd	59	2512790	N/A	N/A
cxd.p	548	2512873	N/A	N/A
cxe.rsd	59	2513445	N/A	N/A
cya.p	1196	2513528	N/A	N/A
cyb.rsd	59	2514748	N/A	N/A
cyc.p	776	2514831	N/A	N/A
cyd.rsd	59	2515631	N/A	N/A
cye.p	1148	2515714	N/A	N/A
cza.rsd	59	2516886	N/A	N/A
czb.p	840	2516969	N/A	N/A
czc.rsd	59	2517833	N/A	N/A
czd.p	840	2517916	N/A	N/A
cze.rsd	59	2518780	N/A	N/A
daa.p	840	2518863	N/A	N/A
dab.rsd	59	2519727	N/A	N/A
dac.p	840	2519810	N/A	N/A
dad.rsd	59	2520674	N/A	N/A
dae.p	748	2520757	N/A	N/A
dba.rsd	59	2521529	N/A	N/A
dbb.p	548	2521612	N/A	N/A
dbc.rsd	59	2522184	N/A	N/A
dbd.p	548	2522267	N/A	N/A
dbe.rsd	59	2522839	N/A	N/A
dca.p	548	2522922	N/A	N/A
dcb.rsd	59	2523494	N/A	N/A
dcc.p	4340	2523577	N/A	N/A
dcd.rsd	59	2527941	N/A	N/A
dce.p	5600	2528024	N/A	N/A
cqc.hrc	1028	2533648	N/A	N/A
dda.a	22356	2534700	N/A	N/A
ddb.a	22356	2557080	N/A	N/A
ddc.a	22356	2579460	N/A	N/A
dde.rsd	142	2601840	N/A	N/A
dea.p	11644	2602006	N/A	N/A
deb.rsd	142	2613674	N/A	N/A
dec.p	864	2613840	N/A	N/A
ded.rsd	142	2614728	N/A	N/A
dee.p	12372	2614894	N/A	N/A
dfa.rsd	59	2627290	N/A	N/A
dfb.p	848	2627373	N/A	N/A
dfc.rsd	59	2628245	N/A	N/A
dfd.p	848	2628328	N/A	N/A
ddd.hrc	287	2629200	N/A	N/A
dfe.a	684	2629511	N/A	N/A
dgb.rsd	142	2630219	N/A	N/A
dgc.p	12428	2630385	N/A	N/A
dgd.rsd	142	2642837	N/A	N/A
dge.p	992	2643003	N/A	N/A
dha.rsd	142	2644019	N/A	N/A
dhb.p	12328	2644185	N/A	N/A
dhc.rsd	142	2656537	N/A	N/A
dhd.p	1000	2656703	N/A	N/A
dhe.rsd	142	2657727	N/A	N/A
dia.p	1000	2657893	N/A	N/A
dga.hrc	287	2658917	N/A	N/A
dib.a	684	2659228	N/A	N/A
did.rsd	75	2659936	N/A	N/A
die.p	6844	2660035	N/A	N/A
dja.tex	4396	2666903	N/A	N/A
dic.hrc	80	2671323	N/A	N/A
djb.a	756	2671427	N/A	N/A
djd.rsd	75	2672207	N/A	N/A
dje.p	1108	2672306	N/A	N/A
dka.tex	812	2673438	N/A	N/A
djc.hrc	78	2674274	N/A	N/A
dkb.a	756	2674376	N/A	N/A
dkd.rsd	59	2675156	N/A	N/A
dke.p	1244	2675239	N/A	N/A
dkc.hrc	72	2676507	N/A	N/A
dla.a	396	2676603	N/A	N/A
dlc.rsd	59	2677023	N/A	N/A
dld.p	2720	2677106	N/A	N/A
dle.rsd	59	2679850	N/A	N/A
dma.p	4168	2679933	N/A	N/A
dmb.rsd	172	2684125	N/A	N/A
dmc.p	10296	2684321	N/A	N/A
dmd.tex	1324	2694641	N/A	N/A
dme.tex	1324	2695989	N/A	N/A
dna.tex	1324	2697337	N/A	N/A
dnb.rsd	59	2698685	N/A	N/A
dnc.p	2168	2698768	N/A	N/A
dnd.rsd	59	2700960	N/A	N/A
dne.p	1872	2701043	N/A	N/A
doa.rsd	59	2702939	N/A	N/A
dob.p	676	2703022	N/A	N/A
doc.rsd	59	2703722	N/A	N/A
dod.p	1872	2703805	N/A	N/A
doe.rsd	59	2705701	N/A	N/A
dpa.p	976	2705784	N/A	N/A
dpb.rsd	59	2706784	N/A	N/A
dpc.p	1872	2706867	N/A	N/A
dpd.rsd	59	2708763	N/A	N/A
dpe.p	1872	2708846	N/A	N/A
dqa.rsd	59	2710742	N/A	N/A
dqb.p	976	2710825	N/A	N/A
dqc.rsd	59	2711825	N/A	N/A
dqd.p	916	2711908	N/A	N/A
dqe.rsd	59	2712848	N/A	N/A
dra.p	1968	2712931	N/A	N/A
drb.rsd	59	2714923	N/A	N/A
drc.p	1176	2715006	N/A	N/A
drd.rsd	59	2716206	N/A	N/A
dre.p	916	2716289	N/A	N/A
dsa.rsd	59	2717229	N/A	N/A
dsb.p	1968	2717312	N/A	N/A
dsc.rsd	59	2719304	N/A	N/A
dsd.p	1176	2719387	N/A	N/A
dlb.hrc	870	2720587	N/A	N/A
dse.a	348	2721481	N/A	N/A
dta.a	4716	2721853	N/A	N/A
dtb.a	6276	2726593	N/A	N/A
dtc.a	7524	2732893	N/A	N/A
dtd.a	4404	2740441	N/A	N/A
dte.a	4404	2744869	N/A	N/A
dua.a	9396	2749297	N/A	N/A
dub.a	2532	2758717	N/A	N/A
duc.a	6276	2761273	N/A	N/A
dud.a	9396	2767573	N/A	N/A
due.a	6276	2776993	N/A	N/A
dvb.rsd	59	2783293	N/A	N/A
dvc.p	6516	2783376	N/A	N/A
dvd.rsd	59	2789916	N/A	N/A
dve.p	7036	2789999	N/A	N/A
dwa.rsd	59	2797059	N/A	N/A
dwb.p	5132	2797142	N/A	N/A
dwc.rsd	59	2802298	N/A	N/A
dwd.p	1228	2802381	N/A	N/A
dwe.rsd	59	2803633	N/A	N/A
dxa.p	1116	2803716	N/A	N/A
dxb.rsd	59	2804856	N/A	N/A
dxc.p	1228	2804939	N/A	N/A
dxd.rsd	59	2806191	N/A	N/A
dxe.p	1116	2806274	N/A	N/A
dva.hrc	295	2807414	N/A	N/A
dya.a	1656	2807733	N/A	N/A
dyc.rsd	142	2809413	N/A	N/A
dyd.p	1620	2809579	N/A	N/A
dye.rsd	142	2811223	N/A	N/A
dza.p	1308	2811389	N/A	N/A
dzb.rsd	142	2812721	N/A	N/A
dzc.p	1060	2812887	N/A	N/A
dzd.rsd	142	2813971	N/A	N/A
dze.p	764	2814137	N/A	N/A
eaa.rsd	142	2814925	N/A	N/A
eab.p	1304	2815091	N/A	N/A
eac.rsd	142	2816419	N/A	N/A
ead.p	1060	2816585	N/A	N/A
eae.rsd	142	2817669	N/A	N/A
eba.p	764	2817835	N/A	N/A
ebb.rsd	142	2818623	N/A	N/A
ebc.p	1284	2818789	N/A	N/A
ebd.rsd	142	2820097	N/A	N/A
ebe.p	1060	2820263	N/A	N/A
eca.rsd	142	2821347	N/A	N/A
ecb.p	764	2821513	N/A	N/A
ecc.rsd	142	2822301	N/A	N/A
ecd.p	1284	2822467	N/A	N/A
ece.rsd	142	2823775	N/A	N/A
eda.p	1060	2823941	N/A	N/A
edb.rsd	142	2825025	N/A	N/A
edc.p	764	2825191	N/A	N/A
edd.rsd	142	2825979	N/A	N/A
ede.p	1968	2826145	N/A	N/A
eea.rsd	142	2828137	N/A	N/A
eeb.p	2524	2828303	N/A	N/A
eec.rsd	142	2830851	N/A	N/A
eed.p	2916	2831017	N/A	N/A
eee.rsd	142	2833957	N/A	N/A
efa.p	2524	2834123	N/A	N/A
efb.rsd	142	2836671	N/A	N/A
efc.p	2068	2836837	N/A	N/A
efd.rsd	142	2838929	N/A	N/A
efe.p	848	2839095	N/A	N/A
ega.rsd	142	2839967	N/A	N/A
egb.p	712	2840133	N/A	N/A
egc.rsd	142	2840869	N/A	N/A
egd.p	2640	2841035	N/A	N/A
ege.rsd	142	2843699	N/A	N/A
eha.p	2068	2843865	N/A	N/A
ehb.rsd	142	2845957	N/A	N/A
ehc.p	848	2846123	N/A	N/A
ehd.rsd	142	2846995	N/A	N/A
ehe.p	712	2847161	N/A	N/A
eia.rsd	142	2847897	N/A	N/A
eib.p	1584	2848063	N/A	N/A
dyb.hrc	1088	2849671	N/A	N/A
eic.a	1152	2850783	N/A	N/A
eid.a	11196	2851959	N/A	N/A
eie.a	3012	2863179	N/A	N/A
eja.a	1524	2866215	N/A	N/A
ejb.a	12312	2867763	N/A	N/A
ejc.a	14544	2880099	N/A	N/A
ejd.a	3384	2894667	N/A	N/A
eka.rsd	75	2898075	N/A	N/A
ekb.p	13120	2898174	N/A	N/A
ekc.tex	2348	2911318	N/A	N/A
eje.hrc	78	2913690	N/A	N/A
ekd.a	756	2913792	N/A	N/A
ela.rsd	142	2914572	N/A	N/A
elb.p	6056	2914738	N/A	N/A
elc.rsd	142	2920818	N/A	N/A
eld.p	9700	2920984	N/A	N/A
ele.rsd	142	2930708	N/A	N/A
ema.p	16852	2930874	N/A	N/A
emb.rsd	142	2947750	N/A	N/A
emc.p	9552	2947916	N/A	N/A
emd.rsd	142	2957492	N/A	N/A
eme.p	2292	2957658	N/A	N/A
eke.hrc	117	2959974	N/A	N/A
ena.a	2916	2960115	N/A	N/A
wm.ta	57344	2963055	N/A	N/A
mes	2870	3020423	N/A	N/A
field.tbl	1536	3023317	N/A	N/A
atn.tbl	1024	3024877	N/A	N/A
enc_w.bin	2208	3025925	N/A	N/A
wm0.ev	28672	3028157	N/A	N/A
wm2.ev	28672	3056853	N/A	N/A
wm3.ev	28672	3085549	N/A	N/A
