barre.tex	17644	5130	14	0
barre_l.tex	5356	22798	14	0
bins.tex	17644	28178	14	0
bins_l.tex	5356	45846	14	0
btl_win_a_h.tex	66796	51226	14	0
btl_win_a_l.tex	66796	118046	14	0
btl_win_b_h.tex	66796	184866	14	0
btl_win_b_l.tex	66796	251686	14	0
btl_win_c_h.tex	66796	318506	14	0
btl_win_c_l.tex	66796	385326	14	0
btl_win_d_h.tex	66796	452146	14	0
btl_win_d_l.tex	66796	518966	14	0
btl_win_h.tex	66796	585786	14	0
btl_win_l.tex	66796	652606	14	0
buster.tex	66796	719426	14	0
choco.tex	17644	786246	14	0
choco_l.tex	5356	803914	14	0
cido.tex	17644	809294	14	0
cido_l.tex	5356	826962	14	0
cloud.tex	17644	832342	14	0
cloud_l.tex	5356	850010	14	0
colo.tex	66796	855390	14	0
coloa.tex	66796	922210	14	0
colob.tex	17644	989030	14	0
coloc.tex	17644	1006698	14	0
earith.tex	17644	1024366	14	0
earith_l.tex	5356	1042034	14	0
jafont_1.tex	4194540	1047414	14	0
jafont_2.tex	4194540	5241978	14	0
jafont_3.tex	4194540	9436542	14	0
jafont_4.tex	4194540	13631106	14	0
jafont_5.tex	4194540	17825670	14	0
jafont_6.tex	4194540	22020234	14	0
ketc.tex	17644	26214798	14	0
ketcy2.tex	33196	26232466	14	0
ketcy2a.tex	65964	26265686	14	0
ketcy2b.tex	8620	26331674	14	0
ketc_l.tex	5356	26340318	14	0
pcefi.tex	17644	26345698	14	0
pcefi_l.tex	5356	26363366	14	0
pcloud.tex	17644	26368746	14	0
pcloud_l.tex	5356	26386414	14	0
red.tex	17644	26391794	14	0
red_l.tex	5356	26409462	14	0
tifa.tex	17644	26414842	14	0
tifa_l.tex	5356	26432510	14	0
usfont_a_h.tex	66796	26437890	14	0
usfont_a_l.tex	66796	26504710	14	0
usfont_b_h.tex	66796	26571530	14	0
usfont_b_l.tex	66796	26638350	14	0
usfont_h.tex	66796	26705170	14	0
usfont_l.tex	66796	26771990	14	0
yufi.tex	17644	26838810	14	0
yufi_l.tex	5356	26856478	14	0
zeni.tex	2348	26861858	14	0
zeni_h.tex	8492	26864230	14	0
