aaa.hrc	80	30213	14	0
aab.rsd	75	30317	14	0
aac.p	4596	30416	14	0
aad.tex	812	35036	14	0
aae.a	756	35872	14	0
aba.hrc	762	36652	14	0
abb.rsd	59	37438	14	0
abc.p	2520	37521	14	0
abd.rsd	59	40065	14	0
abe.p	10548	40148	14	0
aca.rsd	59	50720	14	0
acb.p	740	50803	14	0
acc.rsd	59	51567	14	0
acd.p	792	51650	14	0
ace.rsd	59	52466	14	0
ada.p	792	52549	14	0
adb.rsd	59	53365	14	0
adc.p	792	53448	14	0
add.rsd	59	54264	14	0
ade.p	792	54347	14	0
aea.rsd	59	55163	14	0
aeb.p	2852	55246	14	0
aec.rsd	59	58122	14	0
aed.p	740	58205	14	0
aee.rsd	59	58969	14	0
afa.p	740	59052	14	0
afb.rsd	59	59816	14	0
afc.p	792	59899	14	0
afd.rsd	59	60715	14	0
afe.p	792	60798	14	0
aga.rsd	59	61614	14	0
agb.p	792	61697	14	0
agc.rsd	59	62513	14	0
agd.p	792	62596	14	0
age.a	1008	63412	14	0
aha.a	9756	64444	14	0
ahb.a	1980	74224	14	0
ahc.a	1008	76228	14	0
ahd.a	1980	77260	14	0
ahe.a	6516	79264	14	0
aia.hrc	79	85804	14	0
aib.rsd	75	85907	14	0
aic.p	5368	86006	14	0
aid.tex	1324	91398	14	0
aie.a	756	92746	14	0
aja.hrc	1009	93526	14	0
ajb.rsd	124	94559	14	0
ajc.p	1580	94707	14	0
ajd.rsd	124	96311	14	0
aje.p	1404	96459	14	0
aka.rsd	124	97887	14	0
akb.p	1228	98035	14	0
akc.rsd	124	99287	14	0
akd.p	4020	99435	14	0
ake.rsd	124	103479	14	0
ala.p	832	103627	14	0
alb.rsd	124	104483	14	0
alc.p	1404	104631	14	0
ald.rsd	124	106059	14	0
ale.p	1448	106207	14	0
ama.rsd	124	107679	14	0
amb.p	876	107827	14	0
amc.rsd	124	108727	14	0
amd.p	672	108875	14	0
ame.rsd	124	109571	14	0
ana.p	700	109719	14	0
anb.rsd	124	110443	14	0
anc.p	820	110591	14	0
and.rsd	124	111435	14	0
ane.p	644	111583	14	0
aoa.rsd	124	112251	14	0
aob.p	760	112399	14	0
aoc.rsd	124	113183	14	0
aod.p	644	113331	14	0
aoe.rsd	124	113999	14	0
apa.p	760	114147	14	0
apb.rsd	124	114931	14	0
apc.p	876	115079	14	0
apd.rsd	124	115979	14	0
ape.p	672	116127	14	0
aqa.rsd	124	116823	14	0
aqb.p	700	116971	14	0
aqc.rsd	124	117695	14	0
aqd.p	820	117843	14	0
aqe.rsd	124	118687	14	0
ara.p	644	118835	14	0
arb.rsd	124	119503	14	0
arc.p	760	119651	14	0
ard.rsd	124	120435	14	0
are.p	644	120583	14	0
asa.rsd	124	121251	14	0
asb.p	760	121399	14	0
asc.a	7236	122183	14	0
asd.a	8676	129443	14	0
ase.a	5436	138143	14	0
ata.hrc	764	143603	14	0
atb.rsd	59	144391	14	0
atc.p	1740	144474	14	0
atd.rsd	59	146238	14	0
ate.p	6936	146321	14	0
atn.tbl	1024	153281	14	0
aua.rsd	107	154329	14	0
aub.p	14612	154460	14	0
auc.tex	1324	169096	14	0
aud.tex	1324	170444	14	0
aue.tex	1324	171792	14	0
ava.rsd	59	173140	14	0
avb.p	2112	173223	14	0
avc.rsd	59	175359	14	0
avd.p	2148	175442	14	0
ave.rsd	59	177614	14	0
awa.p	1216	177697	14	0
awb.rsd	59	178937	14	0
awc.p	2112	179020	14	0
awd.rsd	59	181156	14	0
awe.p	2148	181239	14	0
axa.rsd	59	183411	14	0
axb.p	1216	183494	14	0
axc.rsd	59	184734	14	0
axd.p	1176	184817	14	0
axe.rsd	59	186017	14	0
aya.p	2212	186100	14	0
ayb.rsd	59	188336	14	0
ayc.p	1672	188419	14	0
ayd.rsd	59	190115	14	0
aye.p	1176	190198	14	0
aza.rsd	59	191398	14	0
azb.p	2212	191481	14	0
azc.rsd	59	193717	14	0
azd.p	1672	193800	14	0
aze.a	312	195496	14	0
baa.a	4176	195832	14	0
bab.a	5556	200032	14	0
bac.a	6660	205612	14	0
bad.a	5280	212296	14	0
bae.a	5280	217600	14	0
bba.a	8316	222904	14	0
bbb.a	16596	231244	14	0
bbc.a	5556	247864	14	0
bbd.a	2244	253444	14	0
bbe.hrc	771	255712	14	0
bca.rsd	59	256507	14	0
bcb.p	1404	256590	14	0
bcc.rsd	59	258018	14	0
bcd.p	3568	258101	14	0
bce.rsd	172	261693	14	0
bda.p	9588	261889	14	0
bdb.tex	1324	271501	14	0
bdc.tex	1324	272849	14	0
bdd.tex	1324	274197	14	0
bde.rsd	59	275545	14	0
bea.p	1700	275628	14	0
beb.rsd	59	277352	14	0
bec.p	1660	277435	14	0
bed.rsd	59	279119	14	0
bee.p	876	279202	14	0
bfa.rsd	59	280102	14	0
bfb.p	1580	280185	14	0
bfc.rsd	59	281789	14	0
bfd.p	1580	281872	14	0
bfe.rsd	59	283476	14	0
bga.p	876	283559	14	0
bgb.rsd	59	284459	14	0
bgc.p	1052	284542	14	0
bgd.rsd	59	285618	14	0
bge.p	1852	285701	14	0
bha.rsd	59	287577	14	0
bhb.p	1052	287660	14	0
bhc.rsd	59	288736	14	0
bhd.p	1052	288819	14	0
bhe.rsd	59	289895	14	0
bia.p	1852	289978	14	0
bib.rsd	59	291854	14	0
bic.p	1052	291937	14	0
bid.a	312	293013	14	0
bie.a	4176	293349	14	0
bja.a	5556	297549	14	0
bjb.a	6660	303129	14	0
bjc.a	4176	309813	14	0
bjd.a	4176	314013	14	0
bje.a	8316	318213	14	0
bka.a	8316	326553	14	0
bkb.a	4176	334893	14	0
bkc.a	1692	339093	14	0
bkd.hrc	80	340809	14	0
bke.rsd	91	340913	14	0
bla.p	6008	341028	14	0
blb.tex	4396	347060	14	0
blc.tex	1324	351480	14	0
bld.a	756	352828	14	0
ble.hrc	80	353608	14	0
bma.rsd	59	353712	14	0
bmb.p	12572	353795	14	0
bmc.rsd	59	366391	14	0
bmd.p	1660	366474	14	0
bme.a	60	368158	14	0
bna.hrc	865	368242	14	0
bnb.rsd	142	369131	14	0
bnc.p	1268	369297	14	0
bnd.rsd	142	370589	14	0
bne.p	1588	370755	14	0
boa.rsd	142	372367	14	0
bob.p	5956	372533	14	0
boc.rsd	142	378513	14	0
bod.p	1120	378679	14	0
boe.rsd	142	379823	14	0
bone.tex	1324	379989	14	0
bone2.tex	1324	381337	14	0
bornwd.tex	4396	382685	14	0
bpa.p	1424	387105	14	0
bpb.rsd	59	388553	14	0
bpc.p	2404	388636	14	0
bpd.rsd	142	391064	14	0
bpe.p	1120	391230	14	0
bqa.rsd	142	392374	14	0
bqb.p	1424	392540	14	0
bqc.rsd	59	393988	14	0
bqd.p	2404	394071	14	0
bqe.rsd	59	396499	14	0
bra.p	508	396582	14	0
brb.rsd	59	397114	14	0
brc.p	1376	397197	14	0
brd.rsd	59	398597	14	0
bre.p	2644	398680	14	0
bridge.tex	2348	401348	14	0
bridge2.tex	1324	403720	14	0
bsa.rsd	142	405068	14	0
bsb.p	1044	405234	14	0
bsc.rsd	59	406302	14	0
bsd.p	1376	406385	14	0
bse.rsd	59	407785	14	0
bta.p	2644	407868	14	0
btb.rsd	142	410536	14	0
btc.p	1044	410702	14	0
btd.a	4716	411770	14	0
bte.a	18756	416510	14	0
bua.a	4716	435290	14	0
bub.a	4716	440030	14	0
buc.a	9396	444770	14	0
bud.hrc	970	454190	14	0
bue.rsd	59	455184	14	0
bva.p	760	455267	14	0
bvb.rsd	59	456051	14	0
bvc.p	1356	456134	14	0
bvd.rsd	59	457514	14	0
bve.p	1868	457597	14	0
bwa.rsd	59	459489	14	0
bwb.p	2052	459572	14	0
bwc.rsd	59	461648	14	0
bwd.p	1228	461731	14	0
bwe.rsd	59	462983	14	0
bxa.p	1116	463066	14	0
bxb.rsd	59	464206	14	0
bxc.p	764	464289	14	0
bxd.rsd	59	465077	14	0
bxe.p	1944	465160	14	0
bya.rsd	59	467128	14	0
byb.p	672	467211	14	0
byc.rsd	59	467907	14	0
byd.p	672	467990	14	0
bye.rsd	59	468686	14	0
bza.p	672	468769	14	0
bzb.rsd	59	469465	14	0
bzc.p	672	469548	14	0
bzd.rsd	59	470244	14	0
bzdun.tex	4396	470327	14	0
bze.p	1532	474747	14	0
caa.rsd	59	476303	14	0
cab.p	1620	476386	14	0
cac.rsd	59	478030	14	0
cad.p	1944	478113	14	0
cae.rsd	59	480081	14	0
cave.tex	1324	480164	14	0
cave2.tex	1324	481512	14	0
cave_s.tex	1324	482860	14	0
cba.p	672	484208	14	0
cbb.rsd	59	484904	14	0
cbc.p	672	484987	14	0
cbd.rsd	59	485683	14	0
cbe.p	672	485766	14	0
cca.rsd	59	486462	14	0
ccb.p	672	486545	14	0
ccc.rsd	59	487241	14	0
ccd.p	1404	487324	14	0
cce.rsd	59	488752	14	0
cda.p	1944	488835	14	0
cdb.rsd	59	490803	14	0
cdc.p	1404	490886	14	0
cdd.rsd	59	492314	14	0
cde.p	1944	492397	14	0
cdl_cl2.tex	2348	494365	14	0
cea.a	22356	496737	14	0
ceb.a	22356	519117	14	0
cec.hrc	81	541497	14	0
ced.rsd	75	541602	14	0
cee.p	10160	541701	14	0
cf01.tex	2348	551885	14	0
cfa.tex	2348	554257	14	0
cfb.a	756	556629	14	0
cfc.hrc	80	557409	14	0
cfd.rsd	91	557513	14	0
cfe.p	9888	557628	14	0
cga.tex	1324	567540	14	0
cgb.tex	4396	568888	14	0
cgc.a	756	573308	14	0
cgd.hrc	251	574088	14	0
cge.rsd	142	574363	14	0
cha.p	9696	574529	14	0
chb.rsd	59	584249	14	0
chc.p	8756	584332	14	0
chd.rsd	59	593112	14	0
che.p	1036	593195	14	0
cia.rsd	59	594255	14	0
cib.p	1036	594338	14	0
cic.a	1476	595398	14	0
cid.hrc	633	596898	14	0
cie.rsd	142	597555	14	0
cja.p	8328	597721	14	0
cjb.rsd	142	606073	14	0
cjc.p	724	606239	14	0
cjd.rsd	142	606987	14	0
cje.p	2004	607153	14	0
cka.rsd	142	609181	14	0
ckb.p	2136	609347	14	0
ckc.rsd	142	611507	14	0
ckd.p	724	611673	14	0
cke.rsd	142	612421	14	0
cla.p	12296	612587	14	0
clb.rsd	142	624907	14	0
clc.p	3092	625073	14	0
cld.rsd	142	628189	14	0
cle.p	3092	628355	14	0
clfeg.tex	1324	631471	14	0
clfegd.tex	1324	632819	14	0
clftop.tex	2348	634167	14	0
clftop2.tex	1324	636539	14	0
clf_bgs.tex	2348	637887	14	0
clf_ggl.tex	4396	640259	14	0
clf_ggs.tex	2348	644679	14	0
clf_l.tex	4396	647051	14	0
clf_ld.tex	4396	651471	14	0
clf_lf.tex	4396	655891	14	0
clf_lg.tex	2348	660311	14	0
clf_lr.tex	2348	662683	14	0
clf_lsg.tex	2348	665055	14	0
clf_r.tex	1324	667427	14	0
clf_s.tex	2348	668775	14	0
clf_sd.tex	2348	671147	14	0
clf_sf.tex	2348	673519	14	0
clf_sg.tex	1324	675891	14	0
clf_sg2.tex	1324	677239	14	0
clf_sr.tex	1324	678587	14	0
clf_ss.tex	1324	679935	14	0
clf_ssd.tex	1324	681283	14	0
clf_ssw.tex	1324	682631	14	0
clf_sw.tex	1324	683979	14	0
clf_w02.tex	4396	685327	14	0
clf_w03.tex	4396	689747	14	0
clf_was.tex	2348	694167	14	0
cltr.tex	16684	696539	14	0
cma.a	6876	713247	14	0
cmb.hrc	81	720147	14	0
cmc.rsd	75	720252	14	0
cmd.p	7744	720351	14	0
cme.tex	2348	728119	14	0
cna.a	756	730491	14	0
cnb.hrc	78	731271	14	0
cnc.rsd	91	731373	14	0
cnd.p	3148	731488	14	0
cndlf.tex	4396	734660	14	0
cndlf02.tex	4396	739080	14	0
cndl_cl.tex	2348	743500	14	0
cne.tex	2348	745872	14	0
coa.tex	1324	748244	14	0
cob.a	756	749592	14	0
coc.hrc	79	750372	14	0
cod.rsd	75	750475	14	0
coe.p	2644	750574	14	0
comtr.tex	812	753242	14	0
cosinn.tex	1324	754078	14	0
cosinn2.tex	1324	755426	14	0
cpa.tex	2348	756774	14	0
cpb.a	756	759146	14	0
cpc.hrc	82	759926	14	0
cpd.rsd	131	760032	14	0
cpe.p	3988	760187	14	0
cqa.tex	2348	764199	14	0
cqb.a	756	766571	14	0
cqc.hrc	1028	767351	14	0
cqd.rsd	59	768403	14	0
cqe.p	4136	768486	14	0
cra.rsd	59	772646	14	0
crb.p	1196	772729	14	0
crc.rsd	59	773949	14	0
crd.p	776	774032	14	0
cre.rsd	59	774832	14	0
csa.p	1148	774915	14	0
csb.rsd	59	776087	14	0
csc.p	840	776170	14	0
csd.rsd	59	777034	14	0
cse.p	840	777117	14	0
csmk.tex	1324	777981	14	0
csmk2.tex	1324	779329	14	0
cstds01.tex	1324	780677	14	0
cstds02.tex	4396	782025	14	0
cta.rsd	59	786445	14	0
ctb.p	840	786528	14	0
ctc.rsd	59	787392	14	0
ctd.p	840	787475	14	0
cte.rsd	59	788339	14	0
cua.p	748	788422	14	0
cub.rsd	59	789194	14	0
cuc.p	548	789277	14	0
cud.rsd	59	789849	14	0
cue.p	548	789932	14	0
cva.rsd	59	790504	14	0
cvb.p	548	790587	14	0
cvc.rsd	59	791159	14	0
cvd.p	872	791242	14	0
cve.rsd	59	792138	14	0
cwa.p	872	792221	14	0
cwb.rsd	59	793117	14	0
cwc.p	872	793200	14	0
cwd.rsd	59	794096	14	0
cwe.p	872	794179	14	0
cxa.rsd	59	795075	14	0
cxb.p	1732	795158	14	0
cxc.rsd	59	796914	14	0
cxd.p	548	796997	14	0
cxe.rsd	59	797569	14	0
cya.p	1196	797652	14	0
cyb.rsd	59	798872	14	0
cyc.p	776	798955	14	0
cyd.rsd	59	799755	14	0
cye.p	1148	799838	14	0
cza.rsd	59	801010	14	0
czb.p	840	801093	14	0
czc.rsd	59	801957	14	0
czd.p	840	802040	14	0
cze.rsd	59	802904	14	0
daa.p	840	802987	14	0
dab.rsd	59	803851	14	0
dac.p	840	803934	14	0
dad.rsd	59	804798	14	0
dae.p	748	804881	14	0
dba.rsd	59	805653	14	0
dbb.p	548	805736	14	0
dbc.rsd	59	806308	14	0
dbd.p	548	806391	14	0
dbe.rsd	59	806963	14	0
dca.p	548	807046	14	0
dcb.rsd	59	807618	14	0
dcc.p	4340	807701	14	0
dcd.rsd	59	812065	14	0
dce.p	5600	812148	14	0
dda.a	22356	817772	14	0
ddb.a	22356	840152	14	0
ddc.a	22356	862532	14	0
ddd.hrc	287	884912	14	0
dde.rsd	142	885223	14	0
dea.p	11644	885389	14	0
deb.rsd	142	897057	14	0
dec.p	864	897223	14	0
ded.rsd	142	898111	14	0
dee.p	12372	898277	14	0
des01.tex	1324	910673	14	0
des02.tex	1324	912021	14	0
des03.tex	1324	913369	14	0
des04.tex	1324	914717	14	0
desert.tex	4396	916065	14	0
desor.tex	2348	920485	14	0
dfa.rsd	59	922857	14	0
dfb.p	848	922940	14	0
dfc.rsd	59	923812	14	0
dfd.p	848	923895	14	0
dfe.a	684	924767	14	0
dfx.tex	67436	925475	14	0
dga.hrc	287	992935	14	0
dgb.rsd	142	993246	14	0
dgc.p	12428	993412	14	0
dgd.rsd	142	1005864	14	0
dge.p	992	1006030	14	0
dha.rsd	142	1007046	14	0
dhb.p	12328	1007212	14	0
dhc.rsd	142	1019564	14	0
dhd.p	1000	1019730	14	0
dhe.rsd	142	1020754	14	0
dia.p	1000	1020920	14	0
dib.a	684	1021944	14	0
dic.hrc	80	1022652	14	0
did.rsd	75	1022756	14	0
die.p	6844	1022855	14	0
dja.tex	4396	1029723	14	0
djb.a	756	1034143	14	0
djc.hrc	78	1034923	14	0
djd.rsd	75	1035025	14	0
dje.p	1108	1035124	14	0
dka.tex	812	1036256	14	0
dkb.a	756	1037092	14	0
dkc.hrc	72	1037872	14	0
dkd.rsd	59	1037968	14	0
dke.p	1244	1038051	14	0
dla.a	396	1039319	14	0
dlb.hrc	870	1039739	14	0
dlc.rsd	59	1040633	14	0
dld.p	2720	1040716	14	0
dle.rsd	59	1043460	14	0
dma.p	4168	1043543	14	0
dmb.rsd	172	1047735	14	0
dmc.p	10296	1047931	14	0
dmd.tex	1324	1058251	14	0
dme.tex	1324	1059599	14	0
dna.tex	1324	1060947	14	0
dnb.rsd	59	1062295	14	0
dnc.p	2168	1062378	14	0
dnd.rsd	59	1064570	14	0
dne.p	1872	1064653	14	0
doa.rsd	59	1066549	14	0
dob.p	676	1066632	14	0
doc.rsd	59	1067332	14	0
dod.p	1872	1067415	14	0
doe.rsd	59	1069311	14	0
dpa.p	976	1069394	14	0
dpb.rsd	59	1070394	14	0
dpc.p	1872	1070477	14	0
dpd.rsd	59	1072373	14	0
dpe.p	1872	1072456	14	0
dqa.rsd	59	1074352	14	0
dqb.p	976	1074435	14	0
dqc.rsd	59	1075435	14	0
dqd.p	916	1075518	14	0
dqe.rsd	59	1076458	14	0
dra.p	1968	1076541	14	0
drb.rsd	59	1078533	14	0
drc.p	1176	1078616	14	0
drd.rsd	59	1079816	14	0
dre.p	916	1079899	14	0
ds1.tex	1324	1080839	14	0
ds2.tex	1324	1082187	14	0
ds3.tex	1324	1083535	14	0
ds4.tex	1324	1084883	14	0
dsa.rsd	59	1086231	14	0
dsb.p	1968	1086314	14	0
dsc.rsd	59	1088306	14	0
dsd.p	1176	1088389	14	0
dse.a	348	1089589	14	0
dsee1.tex	1324	1089961	14	0
dsee2.tex	1324	1091309	14	0
dsee3.tex	1324	1092657	14	0
dsee4.tex	1324	1094005	14	0
dsrt_d.tex	1324	1095353	14	0
dsrt_e.tex	8492	1096701	14	0
ds_s1.tex	1324	1105217	14	0
ds_s2.tex	1324	1106565	14	0
ds_s3.tex	1324	1107913	14	0
ds_s4.tex	1324	1109261	14	0
dta.a	4716	1110609	14	0
dtb.a	6276	1115349	14	0
dtc.a	7524	1121649	14	0
dtd.a	4404	1129197	14	0
dte.a	4404	1133625	14	0
dua.a	9396	1138053	14	0
dub.a	2532	1147473	14	0
duc.a	6276	1150029	14	0
dud.a	9396	1156329	14	0
due.a	6276	1165749	14	0
dva.hrc	295	1172049	14	0
dvb.rsd	59	1172368	14	0
dvc.p	6516	1172451	14	0
dvd.rsd	59	1178991	14	0
dve.p	7036	1179074	14	0
dwa.rsd	59	1186134	14	0
dwb.p	5132	1186217	14	0
dwc.rsd	59	1191373	14	0
dwd.p	1228	1191456	14	0
dwe.rsd	59	1192708	14	0
dxa.p	1116	1192791	14	0
dxb.rsd	59	1193931	14	0
dxc.p	1228	1194014	14	0
dxd.rsd	59	1195266	14	0
dxe.p	1116	1195349	14	0
dya.a	1656	1196489	14	0
dyb.hrc	1088	1198169	14	0
dyc.rsd	142	1199281	14	0
dyd.p	1620	1199447	14	0
dye.rsd	142	1201091	14	0
dza.p	1308	1201257	14	0
dzb.rsd	142	1202589	14	0
dzc.p	1060	1202755	14	0
dzd.rsd	142	1203839	14	0
dze.p	764	1204005	14	0
eaa.rsd	142	1204793	14	0
eab.p	1304	1204959	14	0
eac.rsd	142	1206287	14	0
ead.p	1060	1206453	14	0
eae.rsd	142	1207537	14	0
eba.p	764	1207703	14	0
ebb.rsd	142	1208491	14	0
ebc.p	1284	1208657	14	0
ebd.rsd	142	1209965	14	0
ebe.p	1060	1210131	14	0
eca.rsd	142	1211215	14	0
ecb.p	764	1211381	14	0
ecc.rsd	142	1212169	14	0
ecd.p	1284	1212335	14	0
ece.rsd	142	1213643	14	0
eda.p	1060	1213809	14	0
edb.rsd	142	1214893	14	0
edc.p	764	1215059	14	0
edd.rsd	142	1215847	14	0
ede.p	1968	1216013	14	0
edes01.tex	1324	1218005	14	0
edes02.tex	1324	1219353	14	0
edes03.tex	1324	1220701	14	0
edes04.tex	1324	1222049	14	0
eea.rsd	142	1223397	14	0
eeb.p	2524	1223563	14	0
eec.rsd	142	1226111	14	0
eed.p	2916	1226277	14	0
eee.rsd	142	1229217	14	0
efa.p	2524	1229383	14	0
efb.rsd	142	1231931	14	0
efc.p	2068	1232097	14	0
efd.rsd	142	1234189	14	0
efe.p	848	1234355	14	0
ega.rsd	142	1235227	14	0
egb.p	712	1235393	14	0
egc.rsd	142	1236129	14	0
egd.p	2640	1236295	14	0
ege.rsd	142	1238959	14	0
eha.p	2068	1239125	14	0
ehb.rsd	142	1241217	14	0
ehc.p	848	1241383	14	0
ehd.rsd	142	1242255	14	0
ehe.p	712	1242421	14	0
eia.rsd	142	1243157	14	0
eib.p	1584	1243323	14	0
eic.a	1152	1244931	14	0
eid.a	11196	1246107	14	0
eie.a	3012	1257327	14	0
eja.a	1524	1260363	14	0
ejb.a	12312	1261911	14	0
ejc.a	14544	1274247	14	0
ejd.a	3384	1288815	14	0
eje.hrc	78	1292223	14	0
eka.rsd	75	1292325	14	0
ekb.p	13120	1292424	14	0
ekc.tex	2348	1305568	14	0
ekd.a	756	1307940	14	0
eke.hrc	117	1308720	14	0
ela.rsd	142	1308861	14	0
elb.p	6056	1309027	14	0
elc.rsd	142	1315107	14	0
eld.p	9700	1315273	14	0
ele.rsd	142	1324997	14	0
elm01.tex	1324	1325163	14	0
elm02.tex	1324	1326511	14	0
elm_gro.tex	4396	1327859	14	0
elm_r.tex	1324	1332279	14	0
elm_r2.tex	1324	1333627	14	0
ema.p	16852	1334975	14	0
emb.rsd	142	1351851	14	0
emc.p	9552	1352017	14	0
emd.rsd	142	1361593	14	0
eme.p	2292	1361759	14	0
ena.a	2916	1364075	14	0
enc_w.bin	2208	1367015	14	0
fall1.tex	1324	1369247	14	0
fall2.tex	1324	1370595	14	0
fall3.tex	1324	1371943	14	0
fall4.tex	1324	1373291	14	0
fall5.tex	1324	1374639	14	0
fall6.tex	1324	1375987	14	0
fall7.tex	1324	1377335	14	0
fall8.tex	1324	1378683	14	0
farm01.tex	1324	1380031	14	0
farm02.tex	1324	1381379	14	0
farm_g.tex	1324	1382727	14	0
farm_r.tex	812	1384075	14	0
field.tbl	1536	1384911	14	0
fld.tex	4396	1386471	14	0
fld_02.tex	4396	1390891	14	0
fld_s.tex	4396	1395311	14	0
fld_s2.tex	1324	1399731	14	0
fld_sw.tex	4396	1401079	14	0
fld_v.tex	16684	1405499	14	0
fld_vd.tex	2348	1422207	14	0
fld_vd2.tex	2348	1424579	14	0
fvedge.tex	2348	1426951	14	0
gclfwa.tex	8492	1429323	14	0
gclfwa2.tex	2348	1437839	14	0
gclfwag.tex	2348	1440211	14	0
gclf_d.tex	8492	1442583	14	0
gclf_g.tex	2348	1451099	14	0
ggmk.tex	4396	1453471	14	0
ggmt.tex	16684	1457891	14	0
ggmtd.tex	16684	1474599	14	0
ggmt_e.tex	4396	1491307	14	0
ggmt_ed.tex	4396	1495727	14	0
ggmt_eg.tex	1324	1500147	14	0
ggshr.tex	1324	1501495	14	0
ggshrg.tex	1324	1502843	14	0
ggs_g.tex	1324	1504191	14	0
gg_gro.tex	4396	1505539	14	0
gg_mts.tex	8492	1509959	14	0
gia.tex	2348	1518475	14	0
gia2.tex	2348	1520847	14	0
gia_d.tex	2348	1523219	14	0
gia_d2.tex	2348	1525591	14	0
gia_g.tex	1324	1527963	14	0
gia_g2.tex	1324	1529311	14	0
gmt_eda.tex	1324	1530659	14	0
gonclf.tex	8492	1532007	14	0
gredge.tex	1324	1540523	14	0
hokola01.tex	4396	1541871	14	0
hokola02.tex	4396	1546291	14	0
hyouga.tex	4396	1550711	14	0
iceclf.tex	2348	1555131	14	0
iceclfd.tex	2348	1557503	14	0
iceclfg.tex	1324	1559875	14	0
jun.tex	4396	1561223	14	0
junmk.tex	1324	1565643	14	0
junn01.tex	1324	1566991	14	0
junn02.tex	1324	1568339	14	0
junn03.tex	1324	1569687	14	0
junn04.tex	1324	1571035	14	0
jun_d.tex	4396	1572383	14	0
jun_e.tex	1324	1576803	14	0
jun_gro.tex	4396	1578151	14	0
jutmpl01.tex	4396	1582571	14	0
lake-e.tex	1324	1586991	14	0
lake_a.tex	33068	1588339	14	0
lake_ef.tex	1324	1621431	14	0
lake_fl.tex	4396	1622779	14	0
lostclf.tex	2348	1627199	14	0
lostmt.tex	4396	1629571	14	0
lostmtd.tex	4396	1633991	14	0
lostmts.tex	2348	1638411	14	0
lostwd_e.tex	1324	1640783	14	0
lostwod.tex	4396	1642131	14	0
lst1.tex	1324	1646551	14	0
lst2.tex	1324	1647899	14	0
lst3.tex	1324	1649247	14	0
lst4.tex	1324	1650595	14	0
lstwd_e2.tex	1324	1651943	14	0
map.tex	8492	1653291	14	0
md01.tex	1324	1661807	14	0
md02.tex	16684	1663155	14	0
md03.tex	556	1679863	14	0
md04.tex	1324	1680443	14	0
md05.tex	1324	1681791	14	0
md06.tex	812	1683139	14	0
md07.tex	556	1683975	14	0
mdsrt_e.tex	4396	1684555	14	0
mdsrt_ed.tex	4396	1688975	14	0
mdsrt_eg.tex	1324	1693395	14	0
md_mt.tex	16684	1694743	14	0
md_mtd.tex	16684	1711451	14	0
md_mts.tex	8492	1728159	14	0
md_snow.tex	4396	1736675	14	0
md_snw2.tex	4396	1741095	14	0
md_snwd.tex	8492	1745515	14	0
md_snwe.tex	4396	1754031	14	0
md_snws.tex	4396	1758451	14	0
md_snwt.tex	4396	1762871	14	0
md_snww.tex	1324	1767291	14	0
md_swd2.tex	1324	1768639	14	0
md_swnp.tex	16684	1769987	14	0
md_sw_s.tex	16684	1786695	14	0
mes	3246	1803403	14	0
meteo.tex	16684	1806673	14	0
midg.tex	2796	1823381	14	0
midil.tex	1324	1826201	14	0
midild.tex	1324	1827549	14	0
midlmap.tex	65836	1828897	14	0
midlmap2.tex	65836	1894757	14	0
mtcoin.tex	4396	1960617	14	0
mtwas_e.tex	4396	1965037	14	0
mtwas_ed.tex	4396	1969457	14	0
mt_ewg.tex	1324	1973877	14	0
mt_road.tex	4396	1975225	14	0
mt_se.tex	1324	1979645	14	0
mt_se2.tex	4396	1980993	14	0
mt_sg01.tex	1324	1985413	14	0
mt_sg02.tex	1324	1986761	14	0
mt_sg03.tex	1324	1988109	14	0
mt_sg04.tex	1324	1989457	14	0
mzes.tex	1324	1990805	14	0
mzmt_e.tex	8492	1992153	14	0
mzmt_ed.tex	4396	2000669	14	0
mzmt_edw.tex	4396	2005089	14	0
mzmt_ew.tex	4396	2009509	14	0
mzmt_o.tex	4396	2013929	14	0
mzmt_od.tex	4396	2018349	14	0
mzmt_s.tex	4396	2022769	14	0
mzmt_sd.tex	4396	2027189	14	0
ncole01.tex	1324	2031609	14	0
ncole02.tex	1324	2032957	14	0
ncol_gro.tex	4396	2034305	14	0
nivlr.tex	1324	2038725	14	0
nivl_gro.tex	4396	2040073	14	0
nivl_mt.tex	8492	2044493	14	0
nivl_top.tex	1324	2053009	14	0
pond.tex	1324	2054357	14	0
port.tex	1324	2055705	14	0
port_d.tex	1324	2057053	14	0
radar.tex	8492	2058401	14	0
rct_gro.tex	8492	2066917	14	0
rivr.tex	1324	2075433	14	0
rivrclf.tex	4396	2076781	14	0
rivs1.tex	1324	2081201	14	0
rivs2.tex	1324	2082549	14	0
rivs3.tex	1324	2083897	14	0
rivs4.tex	1324	2085245	14	0
rivshr.tex	4396	2086593	14	0
rivssr.tex	2348	2091013	14	0
rivstrt.tex	1324	2093385	14	0
riv_cls.tex	4396	2094733	14	0
riv_l1.tex	1324	2099153	14	0
riv_l2.tex	1324	2100501	14	0
riv_l3.tex	1324	2101849	14	0
riv_l4.tex	1324	2103197	14	0
riv_m.tex	1324	2104545	14	0
riv_m2.tex	1324	2105893	14	0
rm1.tex	1324	2107241	14	0
rm2.tex	1324	2108589	14	0
rm3.tex	1324	2109937	14	0
rm4.tex	1324	2111285	14	0
rocet.tex	1324	2112633	14	0
rock.tex	65836	2113981	14	0
rs_ss.tex	1324	2179841	14	0
rzclf02.tex	4396	2181189	14	0
sango.tex	1324	2185609	14	0
sango2.tex	1324	2186957	14	0
sango3.tex	1324	2188305	14	0
sango4.tex	4396	2189653	14	0
scave.tex	65836	2194073	14	0
sdun.tex	4396	2259933	14	0
sdun02.tex	4396	2264353	14	0
sh1.tex	1324	2268773	14	0
sh2.tex	1324	2270121	14	0
sh3.tex	1324	2271469	14	0
sh4.tex	1324	2272817	14	0
shadow.tex	4396	2274165	14	0
shedge.tex	2348	2278585	14	0
shlm_1.tex	1324	2280957	14	0
shlm_2.tex	1324	2282305	14	0
shlm_3.tex	1324	2283653	14	0
shlm_4.tex	1324	2285001	14	0
shol.tex	16684	2286349	14	0
shol_s.tex	4396	2303057	14	0
shor.tex	16684	2307477	14	0
shor_s.tex	4396	2324185	14	0
shor_s2.tex	1324	2328605	14	0
shor_v.tex	1324	2329953	14	0
sh_s1.tex	1324	2331301	14	0
sh_s2.tex	1324	2332649	14	0
sh_s3.tex	1324	2333997	14	0
sh_s4.tex	1324	2335345	14	0
silo.tex	1324	2336693	14	0
slope.tex	4396	2338041	14	0
sng01.tex	16684	2342461	14	0
sng02.tex	16684	2359169	14	0
snow4.tex	65836	2375877	14	0
snow5.tex	65836	2441737	14	0
snow_es.tex	1324	2507597	14	0
snow_es2.tex	1324	2508945	14	0
snow_es3.tex	1324	2510293	14	0
snwfld.tex	4396	2511641	14	0
snwfld2.tex	4396	2516061	14	0
snwfldl.tex	4396	2520481	14	0
snwfld_s.tex	2348	2524901	14	0
snwgra.tex	4396	2527273	14	0
snwhm01.tex	1324	2531693	14	0
snwhm02.tex	1324	2533041	14	0
snwods.tex	1324	2534389	14	0
snwood.tex	4396	2535737	14	0
snwtrk.tex	2348	2540157	14	0
snw_mt.tex	16684	2542529	14	0
snw_mtd.tex	16684	2559237	14	0
snw_mte.tex	2348	2575945	14	0
snw_mted.tex	2348	2578317	14	0
snw_mts.tex	8492	2580689	14	0
snw_mts2.tex	2348	2589205	14	0
ssand.tex	65836	2591577	14	0
ssee1.tex	1324	2657437	14	0
ssee2.tex	1324	2658785	14	0
ssee3.tex	1324	2660133	14	0
ssee4.tex	1324	2661481	14	0
sse_s1.tex	1324	2662829	14	0
sse_s2.tex	1324	2664177	14	0
sse_s3.tex	1324	2665525	14	0
sse_s4.tex	1324	2666873	14	0
sst1.tex	1324	2668221	14	0
sst2.tex	1324	2669569	14	0
sst3.tex	1324	2670917	14	0
sst4.tex	1324	2672265	14	0
stown_r.tex	1324	2673613	14	0
stw_gro.tex	4396	2674961	14	0
subrg2.tex	1324	2679381	14	0
susbrg.tex	4396	2680729	14	0
swall02.tex	65836	2685149	14	0
swclf_l.tex	4396	2751009	14	0
swclf_ld.tex	4396	2755429	14	0
swclf_lg.tex	2348	2759849	14	0
swclf_s.tex	2348	2762221	14	0
swclf_sd.tex	2348	2764593	14	0
swclf_sg.tex	1324	2766965	14	0
swclf_wg.tex	1324	2768313	14	0
swfld_s2.tex	2348	2769661	14	0
swfld_s3.tex	1324	2772033	14	0
swmd_cg.tex	1324	2773381	14	0
swmd_clf.tex	2348	2774729	14	0
swp1.tex	1324	2777101	14	0
swp2.tex	1324	2778449	14	0
swp3.tex	1324	2779797	14	0
swp4.tex	1324	2781145	14	0
sw_se.tex	4396	2782493	14	0
trk.tex	4396	2786913	14	0
tyosnw.tex	8492	2791333	14	0
tyo_f.tex	16684	2799849	14	0
uf1.tex	1324	2816557	14	0
uf2.tex	1324	2817905	14	0
uf3.tex	1324	2819253	14	0
uf4.tex	1324	2820601	14	0
utai01.tex	1324	2821949	14	0
utai02.tex	1324	2823297	14	0
utaimt.tex	1324	2824645	14	0
utaimtd.tex	1324	2825993	14	0
utaimtg.tex	1324	2827341	14	0
utai_gro.tex	4396	2828689	14	0
wa1.tex	1324	2833109	14	0
wa2.tex	1324	2834457	14	0
wa3.tex	1324	2835805	14	0
wa4.tex	1324	2837153	14	0
wa5.tex	1324	2838501	14	0
wa6.tex	1324	2839849	14	0
wa7.tex	1324	2841197	14	0
wa8.tex	1324	2842545	14	0
was.tex	16684	2843893	14	0
wasfld.tex	4396	2860601	14	0
was_d.tex	2348	2865021	14	0
was_g.tex	4396	2867393	14	0
was_gs.tex	4396	2871813	14	0
was_s.tex	16684	2876233	14	0
wdedge.tex	4396	2892941	14	0
we1.tex	1324	2897361	14	0
we2.tex	1324	2898709	14	0
we3.tex	1324	2900057	14	0
we4.tex	1324	2901405	14	0
we5.tex	1324	2902753	14	0
we6.tex	1324	2904101	14	0
we7.tex	1324	2905449	14	0
we8.tex	1324	2906797	14	0
wedged.tex	2348	2908145	14	0
we_s1.tex	1324	2910517	14	0
we_s2.tex	1324	2911865	14	0
we_s3.tex	1324	2913213	14	0
we_s4.tex	1324	2914561	14	0
we_s5.tex	1324	2915909	14	0
we_s6.tex	1324	2917257	14	0
we_s7.tex	1324	2918605	14	0
we_s8.tex	1324	2919953	14	0
wm.ta	57344	2921301	14	0
wm0.ev	28672	2978669	14	0
wm2.ev	28672	3007365	14	0
wm3.ev	28672	3036061	14	0
wm_kumo.tex	16684	3064757	14	0
wod-e2.tex	1324	3081465	14	0
wood.tex	4396	3082813	14	0
wood_d.tex	4396	3087233	14	0
wpcltr.tex	4396	3091653	14	0
wpcltr2.tex	1324	3096073	14	0
wtrk.tex	2348	3097421	14	0
wzs1.tex	1324	3099793	14	0
wzs2.tex	1324	3101141	14	0
wzs3.tex	1324	3102489	14	0
wzs4.tex	1324	3103837	14	0
wzs5.tex	1324	3105185	14	0
wzs6.tex	1324	3106533	14	0
wzs7.tex	1324	3107881	14	0
wzs8.tex	1324	3109229	14	0
wzshr.tex	1324	3110577	14	0
wzshr2.tex	1324	3111925	14	0
wzshrs.tex	1324	3113273	14	0
