barre_l.tex	5356	1476788	14	0
barre.tex	17644	824476	14	0
bins_l.tex	5356	1509068	14	0
bins.tex	17644	930484	14	0
btl_win_d_h.tex	66796	339068	14	0
btl_win_h.tex	66796	1270948	14	0
btl_win_a_h.tex	66796	138608	14	0
btl_win_a_l.tex	66796	539528	14	0
btl_win_b_h.tex	66796	205428	14	0
btl_win_c_l.tex	66796	673168	14	0
btl_win_d_l.tex	66796	739988	14	0
btl_win_c_h.tex	66796	272248	14	0
btl_win_l.tex	66796	1404588	14	0
btl_win_b_l.tex	66796	606348	14	0
buster.tex	66796	1638380	14	0
choco.tex	17644	1001156	14	0
choco_l.tex	5356	1530588	14	0
cido_l.tex	5356	1514448	14	0
cido.tex	17644	948152	14	0
cloud_l.tex	5356	1471408	14	0
cloud.tex	17644	806808	14	0
colo.tex	66796	1569188	14	0
coloa.tex	66796	1093456	14	0
colob.tex	17644	1160276	14	0
coloc.tex	17644	1177944	14	0
earith_l.tex	5356	1487548	14	0
earith.tex	17644	859812	14	0
ketc_l.tex	5356	1503688	14	0
ketc.tex	17644	912816	14	0
ketcy2.tex	33196	1535968	14	0
ketcy2a.tex	65964	1018824	14	0
ketcy2b.tex	8620	1084812	14	0
pcefi_l.tex	5356	1525208	14	0
pcloud_l.tex	5356	1519828	14	0
pcloud.tex	17644	965820	14	0
pcefi.tex	17644	983488	14	0
red.tex	17644	877480	14	0
red_l.tex	5356	1492928	14	0
tifa_l.tex	5356	1482168	14	0
tifa.tex	17644	842144	14	0
usfont_l.tex	66796	1337768	14	0
usfont_a_h.tex	66796	4968	14	0
usfont_b_h.tex	66796	71788	14	0
usfont_h.tex	66796	1204128	14	0
usfont_b_l.tex	66796	472708	14	0
usfont_a_l.tex	66796	405888	14	0
yufi_l.tex	5356	1498308	14	0
yufi.tex	17644	895148	14	0
zeni_h.tex	8492	1195612	14	0
zeni.tex	2348	1636008	14	0
buster.TEX	66796	1638380	N/A	N/A
